,CLMP,LRIG1,NPTXR,AHCY,THOP1,CTSO,FCRL1,CD164,DDC,ACP6,TFF2,S100P,ANGPT2,CD2AP,ANGPTL7,CLEC5A,TINAGL1,GLRX,ENO2,NADK,GHRL,SERPINB8,SERPINB6,CDHR5,CCDC80,DIABLO,CA13,SEMA3F,KLK10,PILRB,ANGPTL1,APLP1,ADGRG2,TYMP,GRAP2,LILRA5,ALDH1A1,CD79B,ANXA4,ANXA11,SIGLEC7,ITGB7,QDPR,SNAP23,APEX1,ENTPD5,CLSTN2,COMT,CLUL1,HDGF,CHRDL2,CTSH,NOMO1,NQO2,SOST,FAM3C,TXNDC5,PPP1R2,DPP7,LRP11,ADGRE2,ENPP7,SSC4D,MCFD2,REG4,SUMF2,CANT1,CD1C,GAL,CDH2,TYRO3,CRKL,IGFBPL1,RTN4R,VCAN,FBP1,TSHB,BAG6,NECTIN2,ARG1,USP8,FKBP4,SDC4,PAG1,KYAT1,DAB2,NPDC1,METRNL,MEP1B,ROR1,NT-proBNP,RNASE3
Cat13,-0.60026,3.71623,3.35236,-1.00592,0.38509,3.62403,-0.37197,7.99688,-1.86518,-1.04170,3.25813,-1.33991,-2.84926,-1.88692,3.11630,5.14233,-0.14262,-0.72426,3.59411,-1.75643,-0.45022,0.29251,4.38173,-1.83346,1.62113,-2.33507,-1.16375,0.10165,-0.97597,2.15527,-0.07579,6.73732,-1.48253,1.06297,-2.21822,-0.77154,-1.42373,-1.16377,-1.68455,-0.39396,-0.90453,-1.48295,1.60418,-1.19486,1.07636,-0.96163,6.59357,-1.15135,3.09324,0.26266,-1.08020,0.71262,1.44821,-1.32405,-1.62640,6.38938,-1.71052,-0.37022,-2.11263,2.30977,-1.46508,-1.40075,0.00254,2.59664,3.26613,4.83021,4.08227,-1.58716,-1.56814,0.87815,-1.77730,0.21415,3.91175,0.31996,1.00890,-1.57843,-1.46594,-1.89019,2.67671,-1.16248,-2.38734,-1.31795,3.79791,0.08686,5.51572,-1.17809,6.13803,0.27540,-1.84901,1.09729,0.22902,-0.81219
Cat33,0.01399,4.24077,4.01964,1.71906,0.64107,6.27141,-0.33252,8.39106,-1.24921,0.88320,3.81497,-1.02660,-1.33108,1.26127,5.11926,5.98692,2.11367,0.94183,4.11822,-0.19424,-0.17644,1.28423,5.04784,-0.93756,3.21205,-0.52954,-0.48832,2.01520,2.16285,1.51372,2.40748,8.01935,-0.81657,2.37830,-1.53619,-0.17668,2.16759,-0.21304,-0.20227,2.01513,0.10602,-1.42538,2.37034,-0.39242,1.33624,-0.86581,9.20361,-0.10526,7.99258,1.28829,-0.05134,2.76354,2.11937,0.48359,-0.55059,6.49510,-0.99814,2.01023,4.83934,2.59337,-0.45575,-0.14412,-1.18929,3.51265,4.26857,6.32182,4.50946,-0.69217,-2.04605,1.82897,-1.31354,0.79037,4.44750,1.05112,2.46321,0.24526,-0.80645,-0.99616,2.58270,2.23894,-1.89984,-0.00646,5.29266,1.64703,7.60502,-0.55291,6.40564,2.58363,-1.00117,3.23647,1.10812,0.08186
Cat08,-1.04487,2.63782,2.11422,-0.75561,-0.08782,2.16580,-0.69915,8.16389,-1.95814,-0.31259,1.48208,-1.48031,-1.50307,-0.12571,3.11012,3.96181,0.40652,-0.41565,0.50955,-1.84500,-1.25450,0.48590,3.72680,-1.95957,1.24099,-1.31614,-1.08916,0.32499,-0.28319,0.19715,-0.22131,6.06545,-1.24956,0.95898,-1.78394,-0.93943,0.48227,-1.63357,-1.51991,-0.74444,-1.43947,-1.25805,-0.03915,-1.31978,-0.49167,-0.60696,5.76274,-2.04586,3.83132,-1.01512,-0.75247,1.44950,-0.26470,0.72977,-0.94559,5.80737,-2.02298,-0.49269,3.45209,0.49589,-1.50944,-1.27862,-3.16160,2.88415,1.97542,4.14436,2.41867,-1.71151,-1.35270,0.52350,-1.48044,-0.13643,1.88438,1.91237,0.82680,-0.25824,-1.29799,-1.29290,0.11363,-0.16727,-2.62844,-0.28546,3.41310,0.18613,5.74974,-0.92506,4.81360,-0.19161,-1.48338,1.18626,-0.06634,-1.68197
Cat11,-0.33610,2.94391,3.77103,-0.73245,0.28138,2.45201,-0.71576,8.49830,-1.65706,-1.10020,3.26606,-0.81636,-1.59619,-0.72462,2.98478,5.32320,0.51303,-0.07337,3.35121,-1.46884,0.32844,0.91203,4.49302,-1.30605,2.05750,-0.21361,-0.73264,0.65711,0.55459,2.28123,0.34814,7.62717,-0.93062,1.58505,-1.71797,-0.63474,-1.19904,-0.52476,-1.02747,0.28291,-0.37096,-1.12957,2.27455,-0.68190,3.54061,-0.67502,7.00213,-1.00220,3.97683,0.75295,-0.18964,1.68373,1.46702,-0.13773,-0.41909,6.88567,-1.31868,0.13370,-1.23602,2.17729,-1.37199,-1.07193,0.06195,2.83934,3.35778,5.15642,4.46202,-0.93120,-1.08725,1.23646,-1.65406,0.48452,4.30788,0.52833,1.12250,-1.38738,-1.68787,-1.94111,3.08236,0.51106,-2.29671,-0.54998,3.97992,0.68886,5.74758,-0.65593,7.32576,0.76709,-1.67614,1.44181,0.49833,0.30095
Cat14,-0.12096,1.88147,1.44264,-0.22502,-0.01042,0.76071,0.19316,8.31575,-1.29728,-0.39716,1.88089,-0.68589,-0.65542,-0.26874,2.52708,4.54681,-0.06180,0.23407,0.59264,-0.98306,-1.03132,-0.00777,3.23051,-0.99089,1.20892,0.63605,-1.22753,-0.22409,-0.89630,0.19859,-0.39901,3.33656,-0.23599,1.02201,-0.85525,-0.73501,-0.58716,-1.24199,-0.36148,0.50000,-1.20906,-0.67792,0.73815,-0.43535,-0.15531,-0.93622,3.63046,-1.78076,2.38122,0.40565,-0.10674,0.94666,-0.11999,0.15992,-1.33540,5.93286,-1.03450,-0.17407,5.26089,-0.06781,-1.53730,-0.91356,0.73188,0.81162,1.94043,3.90242,2.10330,-0.93847,-0.89060,0.60806,-1.16542,1.15457,1.37837,0.69901,1.27096,-0.50405,0.03466,-0.78883,0.39500,0.15012,-1.45635,-0.58855,3.43471,0.64930,5.38079,0.39335,2.42507,-0.07640,-0.72713,1.04118,0.66100,-0.69827
Cat34,0.11175,3.89415,3.19251,0.99425,0.22380,4.42024,0.18362,8.41279,-0.99339,0.88386,3.16543,-0.68849,-1.11500,0.26028,4.87490,5.32243,1.54957,0.22163,2.78506,-0.66390,-0.50076,0.86084,4.48878,-1.40090,2.56116,0.08277,-0.66275,1.17136,1.75769,0.72983,1.80650,8.28186,-0.35497,1.40834,-1.51003,-0.30105,1.22159,-0.64056,-0.65541,0.29625,-0.18919,-0.73653,1.80080,-0.65509,0.49037,-0.34841,8.29305,-0.25683,6.85818,0.08271,-0.22501,1.80930,1.13421,0.64536,-0.58717,6.46108,-0.92166,0.58402,4.51936,1.63018,-0.96585,-0.45371,-3.01695,3.39767,3.23619,5.70443,3.70341,-0.70315,-1.47767,1.24867,-1.28592,0.51176,3.68612,0.53785,2.03440,-0.71490,-1.12788,-0.88470,2.12615,0.90598,-2.01099,0.32706,4.07935,1.17206,6.62201,-0.24414,6.05716,1.50406,-0.96607,2.48918,0.83534,-0.09514
Cat10,-0.85597,3.97353,3.07006,-0.36702,-0.07820,4.50909,-0.32071,8.05982,-1.56127,-0.03558,1.85270,-0.89615,-0.94065,-0.70181,4.86042,4.63635,0.45476,-0.08060,2.10084,-0.67092,-2.13863,0.67168,3.57326,-1.43402,2.44415,-1.07981,-0.25765,1.92065,2.30598,2.13965,1.20307,8.01374,-1.53268,2.15455,-1.71592,-0.56240,0.68264,-1.21259,-1.67165,0.09634,-0.34659,-1.09044,0.29400,-0.72669,-0.45241,-1.15429,7.44737,-0.41694,6.83038,-0.51323,-0.26354,2.05535,0.89218,-0.50269,-0.45286,6.20561,-1.85006,-0.37251,1.85144,2.00852,-1.15412,-0.77622,0.24666,3.03792,2.73348,4.79910,3.70698,-0.73655,-1.02916,1.05166,-1.74401,0.88868,4.79331,0.66816,1.28122,-0.53526,-1.29643,-1.21023,1.67925,0.37217,-2.36278,0.13532,3.11227,1.12069,5.14805,-0.38125,5.66617,1.98111,-1.05197,2.05754,1.01996,-0.18875
Cat35,-0.20687,3.79582,2.94628,0.92509,0.48675,4.13600,-0.15250,8.37050,-0.99677,0.79487,2.97486,0.38634,-0.73662,0.27694,4.41041,5.12959,0.82254,0.42153,2.29009,-0.78050,-0.48887,0.93836,4.30827,-1.10840,2.54167,0.18491,-0.97035,0.89746,1.86101,0.65656,1.65711,8.19097,-0.69360,2.22729,-0.93116,-0.39182,1.02147,-0.56999,-0.70166,0.34746,-0.39748,-0.67442,1.76613,-0.44232,0.35816,-0.18216,7.87447,0.19648,6.51749,0.65301,-0.11438,1.67482,1.06863,0.61641,-0.27715,6.24320,-0.63481,0.18470,4.28703,1.58429,-1.32648,-0.19559,1.02694,3.28444,3.14587,5.50857,3.46686,-0.63389,-0.79963,0.88745,-1.05371,0.73185,3.47097,0.54190,1.88024,0.09008,-0.73911,-0.79230,1.62427,1.91536,-1.50934,0.60032,3.85786,0.88810,6.82739,-0.26458,6.11819,1.29258,-0.61305,2.59516,1.21037,-0.44198
Cat26,0.48286,3.74744,3.47506,1.10448,0.65056,3.64107,0.45160,8.48857,-0.68496,1.13254,2.13747,-0.78205,-0.37806,1.02411,4.41461,4.87113,1.54847,0.65040,2.77428,-0.21097,-0.78491,0.77567,4.52452,-0.50462,2.22430,0.88138,-0.56828,0.75799,0.94140,1.22695,1.36115,7.99262,0.07982,1.95174,-0.64882,-0.15447,1.26746,-0.65537,-0.14843,0.90986,-0.01301,-0.49082,1.83402,0.00572,1.79788,0.81078,7.94905,1.07693,6.18728,1.33736,0.16385,1.93175,1.23449,1.22038,-1.07776,6.41627,-0.13696,0.97928,3.73786,1.65073,-0.37450,0.09386,1.43431,2.91622,3.06476,5.32689,3.97258,-0.49335,-0.64133,1.59454,-0.82916,1.86738,3.25128,1.45874,2.37276,1.38965,-0.67040,-0.47793,1.62285,-0.05552,-1.44413,1.12457,3.66721,1.10766,6.35667,0.21197,5.28580,1.26697,-0.10246,2.16455,1.14256,-0.30166
Cat29,0.68211,4.79380,4.09709,1.71588,1.27140,5.02301,0.52994,8.86320,-0.07426,1.94536,2.54638,-0.38650,0.07318,0.69009,5.26748,5.33455,1.62129,1.07107,3.70930,-0.51440,0.64069,1.52791,4.48957,-0.81973,3.30858,1.28715,-0.16950,2.07655,2.68752,1.28091,1.86969,8.56029,0.25641,1.62018,-0.05928,0.07346,0.80131,-0.77126,-0.18847,0.93654,-0.11774,-0.15444,1.80562,0.20706,1.40286,0.66076,7.92636,1.03136,7.18281,1.42608,0.10666,3.01145,2.22691,1.28047,-0.35636,6.92176,-0.38616,0.72664,2.40710,2.22062,-0.48577,0.21601,2.54121,3.25556,4.20528,5.53904,4.58833,-0.18673,-0.53117,1.91153,-0.62286,1.83549,4.99355,1.70098,2.42560,1.74115,0.00442,-0.20958,2.30586,1.50281,-1.34744,1.14601,4.58904,1.81311,6.18696,0.69396,6.70740,2.21843,0.51502,2.89315,1.47252,0.58799
Cat04,-0.11654,3.77865,3.69345,0.43785,-0.09149,4.19176,-0.01131,8.62253,-0.91781,0.97583,3.14684,-0.69003,-0.44872,0.21443,5.79935,4.34293,1.49965,1.23688,1.94133,-0.92973,-0.21804,1.90167,4.54698,-0.70513,2.67759,0.58812,-0.19475,1.94117,2.21105,1.60425,1.48834,8.46447,-0.60062,2.84550,-1.24677,-0.12246,1.10514,-0.52551,-0.54142,0.76032,0.27667,-0.64361,1.01181,-0.19490,0.95388,-0.25890,7.53647,-0.62474,7.57199,0.35126,0.04162,2.62044,1.40890,0.24747,-0.51335,6.79684,-1.07547,0.55882,5.10647,2.76058,-0.65703,-0.59065,-0.20386,3.14846,4.52997,5.62846,4.09958,-0.40743,-1.21345,1.19592,-1.03566,1.12275,4.68791,1.17956,1.51856,0.86258,-0.95036,-0.78330,1.80779,2.61900,-2.06159,0.35399,4.19505,1.06539,5.54253,-0.50289,6.16242,1.91428,-0.81602,2.78200,0.67434,-0.03226
Cat05,0.41867,3.50153,3.40692,1.12563,0.24832,3.53410,0.34337,8.72417,-0.55808,0.67502,2.64359,-0.58335,-0.10708,0.26318,5.06418,4.83129,1.76742,0.44787,2.02609,-0.32547,-0.15058,1.75281,4.61802,-1.59167,2.58297,0.72929,-0.10835,1.21031,1.43779,1.96255,0.91373,8.14016,-0.55272,2.11454,-0.95251,-0.01914,0.65331,-0.64769,-0.33479,1.14584,0.02877,-0.33743,1.59514,0.56820,0.59909,-0.03071,7.49710,0.18246,7.30135,0.54559,0.07706,2.30084,0.92064,0.40053,-1.10254,6.69836,-0.30703,-0.06841,5.14773,1.57808,-0.74806,-0.25485,1.56036,3.22355,3.80676,5.45864,4.14633,-0.48898,-0.57869,1.03828,-0.90789,1.08167,4.15071,1.16834,1.57712,1.17940,-0.72846,-0.66595,2.05955,1.07219,-1.68146,0.77172,4.42992,1.36377,5.49993,0.51888,6.05095,1.82452,-0.39076,2.62740,0.70046,-0.00895
Cat38,-0.25412,3.26212,2.50761,0.71448,0.67893,3.61240,-0.03314,7.99595,-1.12425,0.63757,2.63206,-0.90933,-0.94296,0.24687,3.92777,4.91620,1.00959,-0.33979,2.30813,-0.75733,-0.98667,0.57997,4.05341,-2.29030,1.87634,-1.06390,-0.77414,0.13417,0.71906,0.25903,1.09859,7.58899,-0.55784,1.97413,-0.97150,-0.51635,0.65879,-0.79249,-1.04644,-0.20092,-0.58259,-1.06871,1.14733,-0.92301,0.34257,-0.62110,7.37295,0.50175,5.82479,0.03161,-0.18527,1.30379,0.86233,0.87352,-1.14409,5.94543,-0.93524,-0.08505,3.84262,0.80388,-0.95004,-0.27169,-0.32722,2.53193,2.83969,5.12763,3.24965,-1.13457,-1.14886,0.94793,-0.95530,0.86945,2.74386,0.28058,1.36420,0.01269,-1.03781,-1.91595,1.13452,0.28375,-2.32768,1.00194,3.93693,1.01059,6.43366,0.43777,5.03691,0.62976,-1.01647,2.13505,0.79664,-0.06955
Cat44,0.24381,4.01322,3.87226,2.26446,0.99725,4.46261,0.14215,8.66488,-0.94225,0.12251,1.44780,-0.63693,-0.10158,0.49545,5.07866,4.81124,1.64181,0.22865,3.34748,-0.57706,-0.44628,0.50242,4.25808,-1.00308,2.97637,0.42940,0.98810,2.58956,2.38639,1.40751,1.65573,8.49055,0.11757,1.68112,-1.00116,-0.29437,2.51623,-0.98406,-0.34682,0.52324,-0.45081,-0.33909,1.67054,-0.01488,0.97880,-0.02462,8.60617,0.84784,6.74852,1.13354,-0.26200,2.79814,0.97652,1.33081,0.15010,6.96921,-0.41613,0.00325,4.34183,2.86075,-0.56395,-0.75524,1.54904,3.18377,3.19904,5.31620,4.33814,-0.92159,-0.99214,1.19107,-0.71087,1.65025,4.79005,1.34497,2.04172,1.55663,-0.52635,-0.62154,1.96471,0.78620,-1.24733,0.65820,3.54164,0.80863,6.60939,0.03645,6.16086,2.04423,-0.20495,2.65214,1.22847,-0.22709
Cat28,0.12212,4.01600,4.32891,1.21759,0.96439,4.52467,-0.22566,8.68115,-0.99312,0.84612,2.09766,-0.70550,-0.76227,0.50166,4.93523,4.87969,1.21955,-0.15835,3.36640,-0.14044,-0.72024,0.60413,4.57401,-1.57096,2.68202,-0.04137,-0.52136,1.64690,1.41657,1.27576,1.89712,8.63245,0.02131,1.99793,-1.09334,-0.10210,1.67079,-0.59106,-0.63408,0.38093,-0.07683,-0.13932,2.16269,-0.15858,1.96976,-0.31843,9.20457,0.36003,7.37638,1.11578,-0.09727,2.14405,1.63051,-0.02311,-0.01751,6.86996,-0.91778,0.78348,2.46728,2.70210,-0.76276,-0.67205,-1.21850,3.30069,2.92661,5.53155,4.40252,-1.19237,-1.16192,1.33137,-0.88106,1.45176,4.04303,1.25962,3.07461,2.34938,-1.08172,-0.61940,1.98064,-0.22974,-1.40481,0.00169,4.81975,1.09383,6.41971,0.62320,6.19952,1.36662,-0.71523,2.79945,0.87999,-0.39035
Cat02,0.55332,4.62602,4.05460,0.60339,1.44235,5.38666,0.30063,8.49729,-0.96996,2.02273,3.73766,-0.74949,-0.35384,-0.25696,6.02964,3.90472,1.52699,0.58697,2.44279,-0.11954,0.83145,1.26312,4.52963,-1.03700,2.54106,-0.02511,0.27347,1.88405,2.45648,1.56214,1.39171,8.60567,-0.03287,3.01584,-0.56829,-0.06301,1.82825,-0.20932,-0.23767,0.95737,0.36914,-0.34244,1.89249,-0.37562,2.22308,0.17354,8.60965,0.81482,7.67910,1.08036,-0.48584,2.76922,2.07381,-0.10029,-0.00719,6.83920,-0.50167,0.43999,5.20189,2.61050,-0.27008,-0.08644,0.54186,3.39115,5.53401,5.94966,4.46423,-0.38287,-0.74763,1.62773,-1.05805,1.09124,4.80379,0.92456,1.21176,0.63295,-0.62585,-0.80120,2.45836,1.54961,-1.65230,0.82231,3.75059,0.99812,5.92677,-0.29447,7.09113,2.49506,-0.42434,3.15773,1.81653,-0.77283
Cat23,0.31617,3.70436,3.56174,0.72109,0.96807,2.59133,0.18680,8.72494,-0.57217,0.63078,2.19041,-0.70354,-0.33453,0.36033,4.14963,4.91360,0.80355,-0.22180,1.93228,-0.62167,-0.83108,0.83633,4.59087,-1.03454,2.34150,1.17323,-0.46446,0.24775,-0.43707,0.95319,0.23829,6.30607,-0.03201,1.25749,-0.76225,-0.13794,-0.00003,-0.55595,-0.54715,0.59283,-0.21064,-0.09636,1.83321,-0.06443,1.61950,0.14863,7.70673,0.97356,4.30319,0.61359,-0.09323,0.98244,0.74613,0.05984,-0.99534,6.71205,-1.05550,0.12930,5.34742,0.33032,-1.29594,-0.40348,-0.04808,2.41527,2.23406,5.16011,4.00800,-0.27436,-1.13366,1.20367,-0.96420,1.15758,2.40303,1.00943,2.33684,-0.30467,-0.80754,-0.65366,1.37361,-0.17598,-1.55113,1.37423,3.47719,0.98553,6.20239,0.05454,4.97656,0.48777,-0.43463,2.12188,0.48447,-0.08216
Cat06,-0.06751,4.37503,3.31711,1.06878,0.45259,4.81175,-0.26061,8.38014,-0.82967,0.78659,2.62801,-0.74033,-0.37795,0.09913,5.25079,4.90296,1.48048,0.34986,2.65689,-0.80592,-1.54779,0.18058,3.65064,-1.00500,3.68725,0.42092,-0.02626,3.12689,2.94681,1.47583,1.81455,8.60246,-0.60307,1.62597,-0.83758,-0.36773,1.20653,-0.91656,-1.24819,0.93969,-0.90205,-0.75829,1.76185,-0.44583,0.78700,0.14141,8.44479,-0.31795,7.25114,0.28478,-0.06756,1.45498,1.40444,0.82095,0.09284,6.55350,-1.14792,0.40309,5.18215,2.85957,-0.81131,-1.26318,-0.19646,3.31537,4.16409,4.77423,3.77199,-0.85967,-1.00415,0.96112,-1.02291,0.77131,5.01142,1.06605,1.63666,0.16307,-0.97941,-1.00787,1.59896,1.34509,-1.84665,-0.19103,3.95224,0.70515,5.44208,0.01228,7.33337,2.33258,-0.78477,2.34114,1.82493,-1.52663
Cat03,0.41119,4.69955,4.07636,0.92118,0.60299,5.29605,0.08051,8.85495,-0.92560,2.01714,3.77284,-0.12091,-0.28076,0.67325,6.12865,3.94430,1.36953,0.06541,2.50611,-0.43380,0.89382,1.34029,4.53514,-1.24621,2.63870,1.12317,1.18315,1.73169,2.33537,1.81606,1.14385,8.63503,-0.54234,2.63015,-0.97228,0.17612,1.48836,-0.23511,-0.73075,0.46043,0.30956,-0.24298,1.62509,-0.57763,2.02340,-0.59688,8.50989,0.51494,7.30862,0.76382,-0.15918,2.22552,2.02147,0.74530,-0.01298,6.88973,-0.37069,0.19720,5.47841,2.26389,-0.48552,-0.27431,-1.13720,3.55049,5.56847,5.93440,4.45620,-0.57113,-0.44939,1.52259,-0.58267,1.26761,4.75185,1.02941,1.49240,0.43728,-0.61524,-0.59274,2.72193,-0.04831,-1.42317,0.14720,3.65206,1.01186,5.99342,-0.67140,6.99288,2.19645,-0.59052,3.19888,1.33173,0.01767
Cat09,-0.22235,3.37208,2.76176,1.24723,0.77574,3.02928,0.11920,8.55147,-0.68016,0.66976,1.81164,-0.67777,-0.59250,-0.33720,4.17022,4.13156,0.71524,0.18087,1.80146,-0.70177,0.20844,0.25495,4.05540,-1.23635,2.32328,0.83197,-0.34028,0.78474,0.88701,0.75033,0.32030,7.71095,-0.03795,1.97737,-0.91135,-0.85472,1.10536,-1.17299,-0.46902,0.67757,-0.66004,-0.37940,1.01437,-0.02484,0.83271,0.55585,6.55231,-1.52756,4.93925,0.41592,-0.16860,1.11625,0.36389,0.43125,-0.51258,6.60697,-1.03424,0.40609,4.13675,0.93558,-0.95128,-0.67995,-0.90871,2.91559,2.44021,4.61439,3.11674,-0.69720,-1.23357,1.04491,-0.71867,0.98411,2.85111,1.02563,2.20226,-0.30963,-0.67021,-0.81567,1.06121,-0.24656,-1.78008,1.21487,3.60717,1.07342,6.16665,0.67869,5.86698,0.73315,0.13657,2.03295,0.67881,-0.96359
Cat15,-0.13673,3.46150,2.73649,0.40050,0.66970,2.86693,0.57719,8.64815,-1.02053,0.01769,2.85855,-0.40796,-0.80570,-0.01048,4.04998,5.19592,0.60590,-0.15525,1.36955,-1.09299,-0.52103,0.38667,4.10055,-0.90200,2.25980,0.74470,0.37304,0.46454,0.23302,1.25382,0.49128,7.09954,-0.81269,1.54635,-1.15514,-0.40810,-0.36236,-0.72352,-0.74041,0.51828,-0.39192,-0.23879,1.41533,-0.36467,0.90949,0.45990,6.04986,-2.07946,4.41194,0.61144,-0.51745,0.93195,0.38988,0.80993,-0.62148,6.66424,-0.71323,0.36627,4.41991,0.81218,-1.04200,-0.44936,1.54563,2.49401,3.83274,5.42339,3.72157,-0.89885,-0.76116,0.90505,-1.28699,1.04941,2.89360,0.79140,1.74065,-0.84139,1.27520,-0.97952,1.13571,0.28263,-1.75634,0.10638,4.16901,1.06687,6.12612,0.23891,5.38967,0.52207,-1.01609,2.04783,1.64660,-0.36554
Cat16,-0.74600,3.16366,2.66818,-0.42851,0.06089,2.58804,0.08406,8.33689,-0.87797,0.29987,2.75293,-0.90018,-1.13425,-0.52651,3.70292,5.01422,0.32984,0.16518,1.46104,-1.11685,-1.30064,0.51894,3.66362,-1.49740,2.07613,0.15027,-0.01635,0.39969,0.06804,1.08385,0.26055,7.08265,-0.41932,1.46671,-1.14683,-0.69662,-0.29867,-1.29186,-0.87805,0.19908,-0.95161,-0.93911,1.17710,-0.43083,0.43963,-0.46616,5.63783,-0.72036,4.76734,0.28940,-0.65430,0.96626,0.55865,0.12490,-1.16217,6.26620,-1.36368,0.12253,5.94752,0.52995,-0.93743,-1.02400,0.81834,2.42057,3.48415,5.15498,3.44462,-0.64151,-1.23079,0.84144,-1.27799,0.30638,2.67402,0.52090,1.48647,-0.46259,0.86616,-1.04282,0.75348,0.29340,-1.97561,0.83794,4.10301,0.79954,6.04789,-0.03863,4.89432,0.38725,-0.73583,1.55038,0.41943,-0.23757
Cat24,-0.44478,3.35796,3.23689,-0.03413,0.95642,2.49684,0.02267,8.66732,-1.18987,1.00054,2.03426,0.05508,-0.82829,0.06095,3.99552,4.68618,0.36358,0.01238,1.48392,-0.89116,-1.33901,0.98724,4.45848,-1.41047,1.96096,0.39821,-0.33838,-0.48094,-0.55709,1.00237,0.30076,6.64691,-0.04290,1.82822,-0.92988,-0.76543,-0.48278,-1.07878,-0.55822,0.30725,-0.56980,-0.11210,1.35365,-0.58244,0.99554,-0.56499,6.65032,-0.27981,3.97069,1.86805,-0.20296,1.07902,0.47551,-0.85832,-0.60202,6.50748,-1.19102,-0.10019,5.07263,0.07644,-1.25595,-0.59984,1.15272,1.66059,2.30698,4.97746,3.79082,-0.64038,-0.82766,0.91530,-1.07246,0.83539,2.54683,0.85476,2.29353,-0.33193,-1.32045,-1.04023,1.10371,0.65810,-1.98619,-0.00134,3.33142,0.65045,6.22316,0.41689,5.26409,0.10656,-0.55317,1.88789,0.17339,-1.10864
Cat32,-1.35133,3.17429,2.58837,0.21136,-0.62777,3.84330,-1.03776,8.15188,-1.66327,0.24410,3.07482,-1.28961,-1.52498,-1.19021,4.08678,5.01370,0.50070,-0.30732,2.53760,-1.27937,-1.64287,0.45419,4.06351,-1.55471,1.98428,-0.76799,-0.63575,1.03302,0.97183,0.96611,1.43257,7.73674,-1.29849,0.79456,-1.70890,-1.58430,0.55974,-0.75239,-1.53217,-0.44112,-0.70247,-1.46822,1.06943,-1.32910,-0.42363,-1.46756,7.41365,-2.56735,6.13674,-0.38153,-0.45508,1.31418,1.07956,-0.54964,-1.13934,5.98436,-1.63144,-0.06958,3.41733,1.28037,-1.92561,-0.60848,-0.10554,2.49253,2.96158,5.02743,3.32010,-1.25445,-1.51047,0.89333,-1.61373,0.63132,3.55956,0.41448,1.39481,-0.21769,-1.16251,-1.14048,1.34477,-0.01804,-2.41000,-0.47127,3.39383,0.33991,6.38533,-0.63547,5.18427,1.33381,-1.80751,2.15180,1.11283,-0.73853
Cat07,-0.46863,2.87266,2.88601,-0.02337,0.48575,3.03358,-0.54060,8.36791,-1.57512,0.91117,3.26078,-1.12386,-0.89424,-0.80347,3.93392,4.91786,-0.13592,0.08183,1.49662,-1.04158,-1.28426,1.25160,4.67643,-1.41891,1.94949,0.93112,-0.40873,0.99023,0.71283,1.10433,0.81474,7.22902,-0.93711,0.24348,-1.33205,-0.93555,-0.09346,-0.91949,-1.47984,0.22173,-0.71982,-1.03671,1.21828,-0.76638,0.40996,-0.42037,7.10925,-3.81471,4.50040,-0.61120,-0.70749,0.03569,0.74073,-0.69072,-1.20682,6.47712,-1.04665,-0.65320,-1.34062,0.87193,-2.16418,-1.32900,0.64151,1.96911,2.35266,4.75477,3.66377,-1.20237,-1.08778,0.53976,-1.69010,0.67289,2.65899,0.54259,1.54762,-0.31259,-1.29717,-1.01431,0.71683,0.88345,-2.48925,-1.20082,2.86471,0.09878,6.54434,-0.15098,5.24555,0.29896,-1.30228,1.67184,0.83977,-0.87063
Cat42,-0.67496,2.55467,1.45466,0.55983,0.08147,2.39932,-0.52181,8.01406,-1.65886,-0.12728,1.69591,-0.95011,-0.57239,-0.28396,2.90264,3.77077,-0.29861,0.06425,1.90928,-1.36911,-1.59277,0.45915,3.00707,-1.74360,1.35632,0.12880,-0.58623,1.12296,-0.31264,0.32988,0.51049,6.10768,-0.82617,1.66304,-1.61774,-0.67319,-0.28940,-1.35195,-0.81964,0.24270,-1.16639,-0.72026,0.55857,-0.47560,-0.00932,-0.67315,5.38371,0.27370,4.87518,0.24771,-0.22482,1.07962,0.31203,0.67483,-1.33181,5.83299,-0.60848,-0.16715,-0.20604,1.07242,-1.42117,-0.96371,0.52037,1.65286,1.71492,2.96802,2.44029,-0.87763,-1.37902,-0.05593,-1.65066,0.98668,2.42584,0.06757,1.20351,1.19236,-1.67318,-1.26874,0.65117,1.35012,-1.64756,0.06559,2.83818,0.67297,4.73829,0.09466,3.51305,0.78500,-1.41487,1.44353,0.37347,-0.93862
Cat30,0.27279,4.07320,3.36939,1.13739,0.86300,4.47401,0.36104,8.76791,-0.68331,1.21536,2.17938,-0.37290,-0.19494,0.17717,4.65095,5.03322,1.04051,0.30044,3.24241,-0.70257,0.08641,0.92644,4.11429,-1.41081,2.70232,1.05366,-0.21816,1.72095,1.29074,1.53098,1.52501,8.21377,-0.24497,0.04012,-0.16887,0.14210,0.10113,-0.73016,-0.67999,0.16004,-0.47640,-0.41770,1.64609,-0.59562,0.93017,-0.02613,7.68238,0.06256,6.53747,0.40797,0.09910,1.78016,1.62842,0.27678,-0.73721,6.82129,-0.46470,-0.18164,-0.43979,1.62303,-0.94757,-0.28273,1.67212,3.04376,3.50820,5.11055,4.25575,-0.16182,-0.81712,1.36585,-0.97887,1.16299,3.99291,1.09285,2.29392,2.02425,-0.65343,-0.54631,1.61808,1.15849,-1.62575,1.17259,4.58788,1.34077,5.70843,-0.00504,5.81920,1.79271,0.15102,2.57417,1.39336,-0.10540
Cat17,-0.47205,1.27139,1.22811,-0.70485,-0.14382,0.41658,-0.31366,8.07651,-1.89313,-0.99543,1.60105,-0.79540,-1.20344,-0.43107,1.66720,4.28701,-0.60945,1.09226,0.04984,-1.40211,-1.64018,1.94700,3.16226,-2.45452,0.37680,0.89221,-0.44784,-0.25504,0.94453,-0.17034,-0.49590,3.79695,-0.48872,0.24254,-1.65518,-1.08302,-1.02372,-1.61139,-1.39499,-1.12266,-1.31277,-0.99172,-0.10567,-0.90490,-1.00982,-1.17091,3.40090,-1.34797,2.30298,-0.16453,-0.71321,0.86433,-0.51198,-0.63929,-1.96954,5.58359,-1.44923,-0.90121,5.24828,0.10754,-1.61349,-0.71984,-0.62517,1.25047,1.22389,3.50547,2.11423,-1.06466,-1.52156,0.05939,-1.57329,0.13457,1.13029,0.02615,0.55871,-0.67388,-0.32730,-1.53061,-0.24321,2.39642,-2.16422,0.31087,3.47944,0.27335,4.83051,-0.13429,3.34703,-0.63419,-0.86136,0.60910,0.30136,-1.15480
Cat39,-0.35992,2.89979,1.77261,0.33093,0.59057,1.44293,-0.07616,8.53908,-1.17151,0.55073,1.56621,-0.54797,-0.89855,-0.06663,3.15742,4.43910,0.07117,-0.26737,1.41207,-0.60885,-0.52882,0.96242,3.73333,-0.98070,2.11338,0.88388,-1.13733,0.17890,-0.56221,0.15897,-0.09628,4.72005,-0.82390,0.13366,-0.71849,-0.73102,-0.41103,-1.44003,-0.62043,-0.53698,-0.68221,-0.17599,1.09270,-0.13918,-0.04144,-0.49176,4.99743,0.12505,3.91775,0.60100,-0.26133,1.39296,0.51894,0.51762,-1.41341,6.59187,-0.81992,-0.10296,1.59835,0.15180,-1.68226,-0.93690,0.97170,1.17582,1.78061,3.92973,3.08518,-0.92240,-1.48081,1.18748,-1.57162,0.80553,1.81571,0.22785,1.81494,0.13043,-1.11483,-0.89768,0.54805,0.80881,-2.08441,-0.74166,3.95079,0.51656,5.24612,0.23661,2.87428,0.14512,-0.81674,1.64046,-0.21860,-1.65246
Cat36,0.33933,3.27688,2.58591,0.75589,0.48079,4.17695,0.41649,8.45543,-1.19067,0.40531,2.74627,-0.64064,-0.37861,0.15171,4.15831,5.00710,0.93530,-0.07966,2.27078,-0.70706,-0.64876,0.66124,4.25681,-1.71580,2.49639,0.34391,-0.41357,1.07546,1.43928,0.99805,1.52115,8.20120,-0.19649,0.28689,-0.40676,-0.01342,1.25832,-0.28230,-0.63753,-0.15671,-0.07293,-0.69244,1.91483,0.36326,0.26301,0.26457,7.60329,-0.31150,6.48825,1.00683,0.04411,1.85030,0.93786,0.72121,-0.76672,6.25459,-0.52704,0.25553,3.93963,1.43735,-1.03599,-0.19553,1.61550,3.12846,2.79014,5.34448,3.55377,-0.39297,-1.11309,0.97002,-1.18074,1.19547,3.46765,0.94128,1.39542,0.25706,-0.79939,-0.56545,1.34936,0.51763,-1.59614,0.27154,3.69545,1.00394,6.41504,-0.27250,5.47811,1.56174,-0.47355,2.59525,1.21191,0.41573
Cat31,-0.28789,3.25528,2.94197,0.62399,-0.00915,4.39776,0.03882,8.33114,-1.08180,0.45741,3.05436,-1.36272,-0.96067,0.05156,4.57844,5.42205,1.14344,0.04984,2.45944,-0.80757,-0.15860,0.78532,4.29099,-1.56791,2.52710,0.05550,-0.94597,1.34332,0.97316,1.27917,1.57897,7.57018,-0.38531,0.19779,-1.04874,-1.43874,1.03715,-0.22081,-1.23410,0.78189,-0.25610,-1.09743,1.68887,-0.53545,0.42733,0.03643,7.78531,-0.81123,6.15507,0.39916,-0.05571,1.82635,1.37498,0.23174,-0.84754,6.26117,-0.58925,0.22382,3.17448,1.60448,-1.21163,-0.17205,0.66155,3.19924,3.45680,5.55580,3.78923,-0.91411,-1.05836,1.11218,-1.01003,0.71083,3.52226,0.51338,1.43336,0.63404,-0.69239,-1.34152,1.69877,0.70702,-1.95173,0.60528,3.96445,1.08962,6.69394,0.30911,5.88421,1.51505,-0.87189,2.82984,0.86984,-0.25174
Cat25,-1.40811,3.74590,3.40518,0.57291,-0.00344,2.96907,-0.80231,8.42726,-1.27994,0.64017,2.08582,-1.12638,-1.61711,-0.80945,3.92455,4.72972,0.87730,-0.29373,1.95937,-1.10895,-1.87544,1.04762,4.43140,-2.16170,1.81431,-0.64264,-0.96858,0.34742,2.49649,0.96520,0.20773,6.48039,-1.60302,0.99707,-1.88453,-0.83349,-0.46392,-0.84662,-1.35250,0.91498,-0.39923,-1.28261,1.28016,-0.52485,1.15334,-1.94357,7.49853,-0.34610,4.87097,-0.26378,-0.62063,1.19617,0.69754,-0.62643,-1.11872,6.35016,-1.23290,-0.33956,4.96304,0.73926,-1.28879,-0.75191,-3.50272,2.89204,1.94991,5.12231,4.00143,-1.38536,-1.21249,1.24560,-1.29848,0.30048,2.44200,0.98092,2.11843,0.18232,-1.65571,-1.31267,0.85326,-0.11714,-2.30589,0.76590,3.42040,0.70825,6.11893,-0.44947,5.36231,0.26898,-0.92054,2.19315,0.63886,-1.78788
Cat40,0.00694,3.62020,2.75578,0.76093,-0.05702,3.71228,0.16883,8.43369,-1.23453,1.12260,1.40076,-0.57296,-0.83219,0.60591,4.26882,4.35136,0.78154,0.08054,2.24273,-0.90146,-0.71440,0.87625,3.54081,-1.05365,2.51089,0.62733,-1.12852,1.29357,0.40005,0.66121,1.31342,7.96240,-0.35777,0.48885,-0.50591,-0.73962,-0.23906,-1.36697,-0.60921,0.71809,-0.58761,-0.70918,0.76373,-0.20061,0.07102,-0.32426,6.84237,-0.79716,6.64497,0.80225,-0.03943,1.90178,1.35798,1.13377,-1.03798,6.60454,-0.35144,0.29250,1.00886,1.25602,-1.13042,-0.42783,-1.63642,2.83768,2.94868,4.37864,3.55971,-1.06042,-0.89648,1.18868,-1.48109,0.84717,3.53594,1.01582,2.04022,1.12632,-1.19704,-0.69362,1.35734,0.49230,-1.72117,0.24238,4.09449,1.09128,5.18182,-0.16009,5.68603,1.18235,-0.81446,2.25286,0.51766,-1.59743
Cat41,0.08289,3.14035,2.58316,0.80003,0.57270,3.46284,-0.13293,8.50423,-1.20953,1.01174,1.52951,-0.80135,-0.88752,-0.44191,3.93025,4.28558,0.13407,-0.12703,2.35193,-1.18872,-0.37254,0.30206,3.47120,-1.68215,2.28361,1.18261,-1.06829,1.03445,0.43246,0.17176,0.95440,8.10002,-0.23712,0.41673,-1.14802,-0.70275,-0.38466,-1.19378,-0.78567,-0.65606,-0.80327,-0.52857,1.23489,-0.59069,0.41004,-0.40685,6.71118,-0.57624,5.96338,0.86908,-0.45073,1.61215,0.94061,0.05829,-1.26938,6.49714,-1.36516,-0.88386,-0.74614,1.23680,-1.36873,-0.62489,0.99711,2.62725,2.53836,4.27406,3.32162,-1.19271,-1.54521,0.64961,-1.35839,0.31848,3.51193,0.93367,1.81620,0.89636,-1.29712,-1.03548,0.99015,0.47339,-2.17631,0.71299,4.70763,0.71166,4.74201,-0.28928,5.28599,1.07340,-0.54109,2.08627,0.95550,-1.43477
Cat12,0.41446,3.61010,3.90120,0.56808,0.17742,2.59870,0.39826,8.62150,-1.47640,-0.92007,3.11364,-0.79629,-0.63660,-0.30294,3.29049,5.63539,0.29171,0.85086,3.38698,-0.60466,0.45582,1.58816,4.60524,-0.73131,2.63451,-0.53710,-1.53753,0.87452,0.69484,3.00842,0.49529,7.28129,-0.35511,0.24643,-0.85627,0.06359,-0.61297,-0.23631,-0.51319,0.03959,0.00749,-0.64246,2.37277,-0.03033,3.45435,-0.24414,7.16253,-1.16208,3.69563,1.29967,-0.10525,1.21483,1.89874,-0.67716,-0.15254,7.01940,-0.29036,-0.20075,-1.42680,1.65379,-0.83014,-0.63652,1.53559,2.55124,3.79930,5.31181,4.67346,-0.77399,-0.99813,1.29768,-0.85608,1.22226,4.78141,0.72123,1.17605,-0.71547,-0.91366,-0.95879,3.35288,1.96204,-1.69518,1.08612,3.95700,1.37705,5.61448,-0.10094,7.87897,0.90624,-1.24783,1.47905,1.20798,1.19610
Cat21,-0.55978,2.96576,2.54339,-0.17317,0.04223,3.52456,0.00751,8.44832,-1.33680,0.24382,2.20778,-0.82761,-0.78296,-0.21718,4.08009,4.77183,0.86159,-0.24067,1.61179,-0.60671,-1.22586,1.07687,3.61355,-1.18011,2.28881,-0.01287,-0.58692,1.59860,1.12983,1.54896,1.20473,8.05699,-1.24188,0.55658,-0.90783,-0.51106,0.15311,-1.06104,-0.50799,0.08906,-0.50430,-1.05045,1.04868,-0.69902,-0.02996,-0.46458,6.39602,-1.39847,5.65883,0.31199,0.04867,1.80195,1.06631,-0.73835,-1.07335,6.34043,-0.74822,-0.84962,3.67351,2.06511,-1.01821,-0.92649,0.64883,3.02978,3.12254,4.95047,3.46921,-0.57726,-1.10403,0.70297,-1.14225,1.03092,3.56657,0.92235,1.35454,0.78366,0.75728,-1.05377,1.15066,0.62564,-1.84845,0.73013,4.29227,0.87510,5.33203,-0.43582,5.98438,1.11714,-0.94676,2.41631,1.41482,-1.35922
Cat22,-0.77655,2.72123,2.40638,0.65942,0.37805,2.64023,-0.21755,8.30017,-1.58914,0.01062,2.20362,-1.11548,-0.97750,-0.62885,4.10943,4.50584,0.42061,-0.16503,0.88173,-0.90307,-1.43348,0.59433,3.26079,-1.19702,1.76281,1.22664,-1.11004,0.35433,-0.28623,0.88460,0.60200,7.14392,-0.50955,0.02444,-0.88944,-0.82274,0.09886,-1.06969,-0.86538,0.56890,-0.72305,-0.84344,0.36793,-1.05199,-0.48679,-0.12979,5.25217,-0.76801,5.24725,0.19284,0.01477,1.45887,-0.18264,-0.75257,-1.50936,6.14554,-0.99953,-0.57153,4.56128,0.91172,-1.26617,-1.05036,0.37276,2.29640,2.82101,4.55470,3.03140,-1.28414,-1.56295,0.56914,-1.65152,0.96437,2.64920,0.96809,1.47427,0.20752,0.59141,-0.99116,0.59942,0.38999,-2.13498,0.76946,3.73179,0.79403,5.16268,0.15169,4.89723,0.79594,-0.79894,1.88456,1.01178,-1.55290
Cat18,-0.76011,1.70242,1.39993,0.39707,0.05379,0.54969,-0.33003,8.24034,-1.21268,-0.71549,1.96941,-0.67829,-0.90214,-0.46063,2.09217,4.47841,-0.80307,-0.67798,0.03362,-0.92106,-1.75318,0.47163,3.26876,-2.37843,1.07284,-0.05671,-0.11567,0.00280,-1.24608,-0.13959,-0.43798,2.88612,-0.67792,-0.21348,-1.10076,-0.51685,-0.75596,-1.29789,-0.68386,-0.41510,-0.98933,-0.48971,-0.08279,-0.30583,-0.58498,-1.74476,3.98642,-1.08689,2.22886,0.18997,-0.33954,0.75016,-0.06314,0.34101,-1.23950,6.04902,-0.72262,-0.27749,4.82912,0.04784,-1.71456,-1.14079,-0.05617,0.28226,1.72505,3.79139,2.36378,-0.89960,-1.42113,0.30805,-1.42565,-0.18686,0.86254,0.12042,1.66158,-1.40285,-0.13393,-1.29233,-0.24510,0.43437,-2.18233,1.00574,3.39120,0.71028,5.13423,-0.32908,2.79962,-0.10611,-1.35457,1.12168,0.50142,-0.80762
Cat43,-0.20914,2.82291,2.12371,0.68717,0.48930,2.99896,0.31097,8.37657,-1.44530,0.44436,1.32433,-0.79014,-0.87330,0.04324,3.46479,4.01645,0.06511,0.46545,1.76112,-0.97033,-0.73641,0.83752,3.25562,-2.09302,2.13477,0.06333,-1.98341,0.38421,0.18944,0.12546,0.67537,7.38482,-0.18084,-0.10869,-0.55574,-0.61263,-0.48598,-1.44090,-0.45295,-0.26681,-1.19574,-0.54576,0.74846,-0.66239,0.19252,-0.52412,5.92870,-0.91899,5.26492,1.12861,-0.23849,1.09142,0.59672,0.33348,-2.36825,6.39072,-0.84106,-0.81445,-0.90691,0.71692,-1.01944,-0.70017,-2.42802,1.43521,2.37457,3.66484,3.06353,-1.03196,-0.95176,0.73807,-1.04723,1.39818,3.05638,0.92371,1.38259,0.45072,-1.21397,-0.40317,0.79883,2.96038,-1.82123,0.69297,4.05169,0.45392,4.69175,-0.27387,4.60519,1.26859,-0.66112,1.96909,0.74459,-0.91656
Cat37,-0.27896,3.72094,2.90456,1.56575,1.03074,4.67279,0.03683,8.47547,-1.10704,0.45982,2.95991,-0.62090,-1.34585,0.04519,4.73665,5.04671,1.15863,0.79685,2.70010,-0.98536,-0.61404,1.15862,4.25852,-1.25792,2.57083,0.82926,-0.16439,1.54036,1.53033,1.21653,2.11158,8.50173,-0.95083,2.44549,-0.92113,-0.26778,1.63470,-0.54471,-0.37111,-0.14887,-0.49950,-0.40719,1.16027,-0.52855,0.04756,-0.66699,8.07343,0.12052,6.94223,0.75911,0.07446,2.35718,1.33783,1.15510,-0.78010,6.36256,-0.75309,0.62290,4.09963,1.98336,-0.91434,-0.33432,0.54923,3.55920,3.09923,5.47299,3.66082,-0.78432,-0.81993,1.13015,-1.41873,1.48154,3.84845,0.79954,1.92804,0.73919,-0.91237,-1.29915,1.69064,2.07985,-1.57902,0.49314,3.87363,1.14602,6.44562,-0.01802,6.58021,1.67879,-1.05155,2.77716,1.67249,0.12527
Cat20,-0.43298,2.50027,2.49488,0.34501,0.74232,1.98190,0.05978,8.51002,-0.89106,-0.11988,2.41757,-0.43014,-1.49920,0.00265,3.11536,4.83490,-0.10467,-0.10971,1.05804,-0.51019,-1.10838,0.64009,3.72033,-0.97955,1.97320,1.10707,-0.66104,0.36022,-1.09028,0.88258,0.13347,5.05066,-0.91040,-0.44269,-0.80541,-0.44632,-0.36960,-0.82675,-0.75707,0.07171,-0.93589,-0.43643,1.14196,-0.55283,-0.33390,-0.00072,5.06360,-1.46039,3.47089,1.01457,-0.15839,1.23337,0.40752,-0.59107,-1.31758,6.63422,-1.00756,0.05923,4.18424,0.63875,-1.21949,-0.34226,1.53123,1.01014,2.53840,4.82570,3.22737,-0.80360,-1.61114,0.19146,-1.43303,0.50546,1.81561,0.55097,1.51324,-0.29967,0.56102,-0.97462,0.38687,0.05640,-1.76932,-0.00866,3.82457,0.64131,5.58033,-0.62362,3.90972,0.28727,-0.35082,1.55205,1.06488,-0.61085
Cat01,0.21899,4.61548,4.00412,1.79996,0.48058,5.56496,-0.22862,8.63068,-0.95215,2.32952,3.63290,-0.85277,-0.25682,0.37980,6.34573,3.79187,1.59070,0.26579,2.85693,0.02121,0.76738,1.29979,4.41072,-1.76964,2.83553,0.08063,0.54757,2.55159,2.24436,2.12358,1.76801,8.53663,-0.72679,3.30650,-0.84265,0.19876,1.89862,-0.39269,0.22603,1.36629,0.51458,-0.95794,1.52636,-0.00480,1.75063,-0.36899,8.72302,-0.10865,7.94074,0.69501,-0.48944,3.00736,2.39049,-0.99459,0.36797,6.88028,-0.38430,0.16572,5.63050,2.92746,0.12557,-0.49361,-2.64959,3.71038,5.41693,5.86289,4.51889,-1.14198,-0.66898,1.17870,-0.83762,1.30128,5.30472,1.88691,1.20743,0.36590,-1.12337,-1.05597,3.45187,-0.00622,-1.62434,-0.14855,3.62820,1.88247,5.40504,0.30578,7.07562,2.60290,-1.02008,3.30182,2.49903,-0.69931
Cat27,-1.62849,3.36112,3.50949,0.92949,0.08915,3.93092,-0.30673,8.37603,-1.44815,0.91123,2.04258,-1.07778,-0.50163,-0.52051,4.38282,4.54892,0.81683,-0.52667,2.31321,-1.01626,-1.44146,0.45931,4.16997,-1.59426,2.30179,-0.94351,-0.22242,1.07093,0.82293,1.39341,1.31757,7.97702,-1.37280,1.23530,-1.78823,-0.97189,1.04071,-1.15700,-1.23911,0.75622,-0.70791,-1.39224,1.11539,-1.48408,0.77515,-1.27065,7.67175,0.53754,6.25396,0.27016,-0.72330,1.45109,0.99112,-0.14621,-0.37241,6.18913,-1.29101,-0.23099,4.03576,1.61482,-1.11824,-0.66873,-0.49126,2.58524,2.74951,5.08875,4.01462,-1.27872,-1.18556,0.94677,-1.30198,1.17674,3.63583,1.16827,2.01340,1.27751,-1.27899,-1.87152,1.49861,-0.93959,-2.49495,0.26688,3.14963,0.66913,5.90899,-0.58094,6.03610,1.25158,-1.61769,2.27726,0.62103,-1.90109
Cat19,0.30952,2.84287,2.64815,1.10158,0.60333,3.11174,-0.11541,8.33602,-0.78647,0.43765,2.38500,-0.48451,-0.58069,-0.16827,4.44020,4.71855,0.85820,0.30365,1.42782,-0.32114,-1.82955,0.29959,3.34693,-1.72747,2.24998,1.31274,-0.35095,1.18858,0.37781,1.44105,0.92353,7.76192,-0.59753,0.37293,-0.83098,-0.41597,0.56480,-0.99443,-0.56415,0.52380,-0.88305,-0.55246,1.05357,-0.07193,-0.03935,0.19834,5.91284,-0.76662,5.55466,0.95983,-0.39241,1.87605,0.40484,-0.37574,-1.30920,6.22232,-0.99624,-0.04680,5.53660,1.57085,-0.74568,-0.90833,-0.79411,2.93465,2.97863,5.10438,3.38429,-0.39093,-1.40960,0.75540,-1.12155,0.32447,3.15685,0.97460,1.35705,-0.43495,1.11371,-0.79268,1.34898,0.66987,-1.74843,0.44742,3.71479,1.27010,5.56947,0.12999,5.36225,0.93403,-0.30250,2.16300,1.27037,-0.95989
Gla14,-0.28650,5.01358,4.44618,3.28614,1.10397,6.34213,0.17199,8.46556,-0.11817,1.95758,3.77718,-0.61078,-0.74554,0.28059,5.37020,5.94867,1.54394,0.42061,4.31949,0.15955,-2.00831,1.63467,4.80967,-1.22283,2.79188,-0.21060,4.33340,2.76672,2.48968,3.09017,3.46094,8.62402,-0.86307,4.31940,-1.85234,-0.06932,6.37482,-0.65439,-0.20819,1.28257,0.44093,-1.12844,2.84430,-1.14338,2.75452,-0.28451,9.79314,3.07891,8.37664,0.79499,-0.03504,3.71811,2.61758,-1.06786,-0.78641,6.52739,-0.45923,1.16726,3.16737,3.35442,-1.02525,-0.41158,0.30835,3.53799,4.74903,5.70841,4.90124,0.07092,-1.08543,1.44498,-0.84936,1.41622,6.18866,0.91227,1.73181,3.31046,-0.59011,-0.66527,2.77916,0.91058,-1.78830,0.36514,4.23228,0.67116,7.42439,-0.48162,6.12137,3.57252,-0.81092,3.91146,0.24077,1.19907
Gla24,0.64706,6.67082,6.13376,2.55641,1.40144,7.80879,0.27959,8.69505,0.28199,3.14461,4.63813,-0.99473,0.34605,-0.08338,6.25470,6.87619,1.83093,0.22873,5.56743,-0.07600,-0.52081,1.93883,5.91591,-0.79602,5.02277,-0.61854,1.13471,5.49742,5.42442,3.85274,4.42192,9.00598,-0.61446,4.79115,-1.95328,0.97281,3.96446,0.12411,-1.31422,0.27026,1.86381,-0.93876,2.70891,-0.93883,2.02929,0.07159,10.21630,0.49907,8.96405,0.40913,0.54927,4.73381,3.66348,-0.33549,0.12306,7.16205,-0.31794,1.11501,4.34032,5.66978,0.21550,-0.12388,1.26936,4.39926,4.97047,6.67885,6.08492,0.31413,-0.24790,2.36857,-0.81948,1.64903,7.42124,2.27445,1.94975,2.36709,0.11633,-0.94469,4.10979,-0.42027,-1.81791,-0.31904,4.84302,1.75512,7.03245,-0.37583,8.67158,5.18058,-0.64003,4.57715,2.57757,3.18222
Gla08,0.43692,4.91650,5.27320,2.88767,1.58573,7.02567,0.07468,8.68763,-0.05003,2.66851,5.61453,-1.05223,1.29206,0.90969,6.07216,5.94226,2.57049,0.59010,4.37111,0.28452,0.48351,1.62886,5.03508,-0.90827,3.67069,-0.44090,3.33484,5.13167,4.10430,2.95118,3.23017,8.80159,-1.24646,5.49585,-1.45728,0.06762,5.23268,0.07780,-0.26198,4.46713,0.82101,-0.63355,2.25567,-0.15091,3.02662,0.15403,9.58385,2.74725,8.56748,1.36008,-0.00469,4.22609,3.19117,0.52515,1.13951,6.96823,-0.58838,2.27403,5.59337,4.81358,-0.14549,-0.03088,0.67292,4.30196,6.95560,6.31384,5.27289,-0.19993,-0.35657,2.18856,-0.50919,2.64554,5.95027,1.77311,1.19211,3.36238,-0.65407,-0.53779,3.63697,0.87683,-1.37760,0.89976,5.06398,1.42403,7.79239,-0.06012,7.99439,3.55030,-0.64212,4.14008,2.12747,-0.42682
Gla17,-0.72567,4.96095,4.58791,2.80930,1.38632,6.36206,0.22821,8.34608,-0.38647,1.91564,3.69835,-1.00415,-0.40502,0.35884,5.48831,5.95616,1.86127,0.21176,4.00827,-0.10145,-1.93523,1.68125,4.76112,-0.59922,2.83882,-1.38443,4.14753,3.22858,2.93658,2.96267,3.30793,8.63881,-1.26048,3.79450,-1.85264,-0.34536,6.01698,-0.83487,-0.90442,1.70687,0.47498,-0.79949,2.38622,-0.65312,2.37220,-0.82792,9.50667,2.51900,8.19067,0.22557,0.14209,3.97349,2.38467,1.03812,-0.66997,6.62556,-0.67961,1.03595,4.05965,3.73844,-0.77388,-0.68854,0.13475,3.85238,4.40848,5.64944,4.73423,-0.17744,-1.24834,1.39105,-0.67579,1.98657,6.22739,0.95985,0.81755,2.73413,-0.87189,-0.95247,2.82206,0.87665,-2.07988,0.47304,3.84589,0.90704,7.30885,-0.57464,6.48297,3.18505,-1.71831,3.87893,1.17637,0.79996
Gla28,0.83325,6.52364,5.88162,2.69636,2.11771,7.59017,0.29091,8.64312,0.13974,2.92921,4.53676,3.01750,0.45681,0.66805,6.08743,6.70967,1.50422,0.69004,5.37818,0.26474,-0.20483,2.03642,5.74366,-0.54241,4.81373,0.12102,1.04966,5.57198,4.77445,3.56669,4.35913,9.00420,0.00235,4.51177,-1.10102,1.23617,4.13964,0.02266,-0.69581,1.00646,1.78079,-0.43350,2.62881,-0.23882,1.84853,-0.22498,10.11903,1.08516,8.98682,0.93100,0.63832,5.00236,3.64541,0.06469,-0.09338,7.05866,0.04293,1.25646,4.35468,5.78539,-0.01734,0.00708,0.95507,4.42666,4.64171,6.53271,5.88530,0.29277,-1.03562,2.14539,-0.36958,1.68282,7.13263,1.84104,1.95063,2.74793,0.20721,-0.94122,4.26254,0.54828,-2.05830,0.89524,4.50758,1.59602,6.83186,-0.55985,8.35062,4.77804,-0.54285,4.42963,2.30191,2.30994
Gla30,0.73970,6.83333,6.15306,2.89920,1.35047,7.91646,0.31216,8.84966,0.51622,3.18507,4.64422,-1.05488,0.18196,0.09316,6.48520,6.90229,2.14307,1.13689,5.58356,0.31535,-0.91053,2.51283,5.93538,-0.36521,4.99865,0.24770,0.52652,5.72376,5.73944,3.65168,4.35915,9.05874,-0.45336,5.50360,-1.47430,1.37140,4.00438,-0.05941,-1.32559,0.42469,1.93676,-0.94178,2.61654,-0.98537,2.24741,0.35350,10.14225,0.58440,9.01515,0.37028,0.81854,5.33823,3.49752,0.77300,0.49808,7.17857,-0.03057,1.24191,5.41142,5.80150,0.24875,0.10117,0.97408,4.47021,4.73515,6.62555,6.06558,-0.11198,-0.59117,2.53931,-0.09997,1.69744,7.29655,2.13506,1.94645,2.29087,0.50351,-0.86976,4.46081,1.08138,-1.92341,0.28716,4.72963,1.50780,6.97380,0.50475,8.91310,5.33350,0.14261,4.67900,2.02647,2.38475
Gla26,0.84642,6.50103,5.88756,2.53479,1.06353,7.52231,0.21927,8.45466,0.14343,2.99484,4.52315,-0.95663,0.20877,0.74580,6.16600,6.83527,1.67301,0.25131,5.38623,0.02749,-1.22286,1.80715,5.64561,-0.40901,4.85972,0.35689,1.07360,5.75545,5.17138,3.73592,4.34372,8.81123,-0.81341,4.88111,-1.10930,1.10360,4.17963,-0.06880,-0.97828,-0.00344,1.84760,-0.94542,2.82205,-0.19884,2.12818,0.17276,10.12081,0.24420,8.80430,0.80775,0.69812,4.50655,3.66865,-1.41197,0.41202,6.96715,0.10131,0.63622,4.08890,5.88542,0.00314,0.12088,1.18554,4.24278,4.71742,6.51907,5.85395,0.29135,-0.91218,2.10812,-0.29776,1.90793,7.40015,1.75024,1.84224,2.79279,0.10999,-0.97918,4.18090,0.62749,-2.22792,0.50960,4.49942,1.57832,6.97041,-0.24574,8.44308,5.03355,-0.49285,4.51592,2.45809,3.00835
Gla29,1.16829,6.77918,6.41946,3.11246,1.36178,7.99792,0.74711,8.72249,0.55293,3.55516,4.78173,-0.75006,1.18417,0.98080,6.54087,6.94870,2.19443,0.50143,5.62479,0.53084,-0.06905,2.14324,5.96163,-0.08223,5.27708,1.02414,1.40025,6.28129,5.44045,3.80534,4.76235,9.15171,0.03411,5.25863,-0.31564,1.31823,4.71384,0.28968,-0.48029,0.50540,1.99253,-0.25466,3.34808,-0.29906,2.20477,0.13207,10.44938,2.16333,9.17407,1.34272,1.00933,5.55762,3.71112,0.87391,0.54950,7.28614,0.53718,1.82895,4.45635,6.47828,0.65147,0.49259,2.76322,4.65008,5.04230,6.84265,6.16465,0.69028,-0.17216,2.59417,0.22928,2.11955,7.69684,2.22148,2.18942,3.51161,0.29297,-0.30995,4.71863,-0.15800,-1.18832,1.01808,4.84267,1.72412,7.11687,0.03348,9.19708,5.44541,0.07018,4.78081,2.86187,2.52729
Gla10,0.23913,5.05939,5.53524,3.45752,1.45321,6.98387,0.07966,8.67550,0.17640,2.66592,5.51387,0.59863,1.72059,1.67415,6.05296,5.73292,3.06916,0.74118,4.59307,0.57788,0.10394,1.82091,5.02288,-0.46487,3.80212,1.08702,3.09974,5.20510,4.47023,2.93191,3.36555,9.03636,0.09635,5.77229,-0.54065,0.21835,5.37951,0.04026,-0.15246,4.27746,0.74853,0.00092,2.28555,-0.12171,2.86334,0.32864,9.71267,3.15522,8.71864,1.36524,0.16178,5.00221,3.04169,0.92178,1.09726,6.98581,-0.38397,2.24935,6.00775,5.11482,-0.31918,-0.14682,1.00601,4.26522,6.87957,6.43083,5.17998,0.14581,-0.35976,1.79696,-0.49997,2.66343,6.06091,1.89609,1.51313,3.23256,-0.18929,-0.49239,3.61556,1.07989,-1.45457,0.54305,4.95503,1.50937,7.79538,-0.37698,8.24379,3.54362,-0.60404,4.08642,2.36007,0.35196
Gla21,-0.26236,4.68034,4.40086,3.29633,1.35647,6.19520,0.13087,8.31745,-0.21814,1.86187,3.74660,-0.54438,-0.51487,0.89721,5.47867,5.85548,1.68504,1.49494,3.85183,0.40096,-1.45054,1.52065,4.55663,-1.38680,2.81069,-0.19232,4.00411,3.28356,2.72692,2.89287,3.33872,8.51883,-0.50522,4.17114,-1.61389,0.03130,6.33228,-0.71307,-0.28493,3.27046,0.52901,-1.05842,2.17405,-0.62060,2.54672,-0.33563,9.36279,2.91206,8.34185,0.41795,-0.27013,3.94006,2.58165,-0.03022,-0.75401,6.49562,-0.73945,1.17492,3.84750,3.60806,-0.77114,-0.52878,1.17930,3.53923,4.53852,5.57879,4.72597,-0.19935,-0.86330,1.45138,-0.88453,1.79810,6.16671,0.78114,1.19791,3.12417,-0.81884,-1.10236,2.89011,2.07131,-2.01043,0.51858,4.15035,0.99593,7.11200,-0.56543,6.22288,3.00285,-0.95363,3.90366,1.17425,0.93243
Gla06,0.79691,4.96519,5.45755,3.46928,1.74307,6.88109,0.20010,8.75455,0.16616,2.69777,5.58253,-0.50146,1.74297,1.30501,6.04339,5.84797,2.89435,0.56330,4.50969,0.52264,0.39547,1.37901,5.01396,-1.16781,3.74745,0.86661,3.58065,5.18261,4.27749,2.76710,3.51274,9.07054,-0.33782,6.07276,-0.96808,0.09093,5.42173,0.05741,-0.05014,3.19854,0.67391,-0.68019,2.46973,-0.60861,2.76225,0.48013,9.62559,3.67818,8.81445,0.98738,0.36022,4.74527,3.09992,1.17843,0.98463,7.02545,-0.16709,2.06479,6.17829,5.04377,-0.27256,-0.10009,1.40546,4.28842,6.84287,6.36070,5.21202,0.11692,-0.63829,1.98424,-0.62503,2.57024,5.94518,1.92887,1.54079,3.39077,-0.26115,-0.63497,3.31602,0.29899,-1.15108,0.56008,4.98820,1.16166,7.89114,0.21911,8.05450,3.71481,-0.42467,4.19460,2.00226,0.39545
Gla25,1.30809,7.07292,6.26056,2.92448,1.35022,8.10137,0.72682,8.78539,0.58459,3.31385,4.71421,-0.74292,0.72306,1.02166,6.41430,6.96183,2.11589,0.38297,5.54498,0.39193,-0.14108,2.31307,6.00353,-0.61819,5.28899,0.98602,0.50367,5.89849,5.14860,3.77651,4.63613,9.20913,0.22039,5.11944,-0.64550,1.36727,4.27368,0.11390,-0.46701,0.67696,2.03820,-0.22547,3.29047,-0.23336,2.28527,0.60905,10.45392,1.20944,9.01896,0.98799,1.34790,5.10834,3.81681,-0.08195,0.38858,7.35594,0.65606,2.15081,4.48429,6.16234,0.44596,0.40370,1.70129,4.60341,4.90971,6.74606,6.13314,0.50373,-0.07111,2.38815,-0.10608,2.25242,7.44894,2.38291,2.26688,3.27118,0.61303,-0.79340,4.45307,0.51475,-1.48358,1.61762,4.75641,1.74132,7.10353,0.01566,8.89862,5.11836,0.09139,4.83403,2.91007,2.51317
Gla15,0.86800,5.25991,5.57345,3.98785,1.53410,7.09227,-0.21550,8.76420,0.26112,2.68422,5.15263,-0.90020,1.72628,2.55329,6.15556,6.12034,2.85743,0.81443,4.73705,0.98134,-0.05755,1.71326,5.14704,-0.97497,3.93668,1.41899,4.13471,5.19880,4.24362,3.18856,3.96308,9.06003,-0.54328,6.29073,-0.30379,0.55851,6.09532,0.24348,0.27870,4.90788,1.04002,-0.50310,2.51409,0.29229,3.26839,0.32187,10.00377,4.05540,9.07802,2.08395,0.26851,4.98244,3.19940,1.39083,0.66081,7.12389,0.19667,2.99342,5.70690,5.21688,0.47940,0.13172,1.97668,4.38389,6.60172,6.56672,5.39835,0.56021,-0.39528,2.05156,-0.76462,2.71672,6.40689,1.80428,1.50762,3.38491,-0.09462,0.16446,3.74576,0.42580,-1.41739,0.91615,4.61920,1.20942,7.77959,-0.64362,7.99648,3.96988,-0.29817,4.15133,2.03632,0.24977
Gla35,0.84995,4.71769,4.50327,4.75940,2.84452,5.64913,0.37105,8.72716,0.15226,2.78075,3.42036,-0.85009,-0.46722,3.09196,6.91263,6.05030,1.50991,0.87611,3.58112,1.35983,-0.53550,3.09151,5.15991,-0.12296,2.93284,0.75218,6.62432,2.28063,2.23789,2.73301,2.44901,8.57313,0.11512,5.24073,-0.59999,-0.11036,5.74384,-0.42227,1.01927,5.81858,0.48956,-0.18296,3.75769,0.21507,6.80736,0.34373,9.58210,3.74829,7.35638,2.94894,-0.03050,2.98017,3.10719,0.08765,-0.14670,6.94568,1.38736,2.52518,6.16182,2.82337,-0.09752,0.14523,1.66133,3.46499,3.83878,5.94337,4.78091,0.01966,-0.80762,1.59335,-0.71727,3.07905,5.27661,1.30921,2.53239,2.37110,-0.40096,0.02954,2.83708,0.68148,-1.18414,0.93216,4.82121,1.78959,10.19046,0.13261,7.17560,2.16475,0.07813,3.60008,1.83774,0.15715
Gla40,0.42145,4.13594,3.91826,0.55625,0.38001,5.85577,0.44735,8.28718,-0.48924,1.64121,2.83599,-0.81388,-0.14200,0.37081,4.16735,4.97286,0.95551,-0.78593,3.53128,-0.71328,-0.99319,0.60220,3.89644,-1.52311,2.76184,0.13273,0.37487,1.89969,1.65868,0.82431,2.10753,8.62140,-0.49456,1.89212,-0.58925,-0.04147,1.72088,-1.29623,-0.73925,0.41327,-0.10685,-0.88725,1.43071,0.01292,0.66030,0.22149,9.33104,-0.29781,7.83706,0.78157,-0.33454,2.71686,2.24274,-1.12162,-0.15894,6.77753,-0.76444,0.01493,6.07212,2.53614,-1.00197,-0.07015,-0.34733,3.49455,3.45267,5.88575,3.96600,-0.26025,-0.74289,1.11202,-1.12863,0.70279,4.94280,0.84803,2.00135,-0.16680,-0.84505,-1.05599,2.44276,-0.86799,-1.77167,0.45024,4.08548,0.57855,5.44077,-0.10661,6.66960,2.11811,-0.14868,3.29110,1.31590,-0.96718
Gla39,-0.09861,3.94998,3.78960,1.35809,2.41875,4.32094,-0.37213,8.71268,-0.35926,1.38393,3.66238,-0.80089,-1.14677,-0.38118,4.61683,5.57322,0.39301,-0.06609,3.30889,-0.79229,-0.85379,5.16746,5.24702,-1.56457,2.06337,0.04956,4.21273,0.25987,0.52296,2.13053,0.33314,6.36470,-0.69981,2.94607,-1.19809,-0.18313,3.33770,-0.81826,-0.87327,0.34633,-0.14141,0.01407,2.28857,-0.60932,3.10720,-0.73200,7.66451,-1.03047,4.89649,0.64863,-0.23991,2.30743,1.52351,0.92275,-0.86066,6.92021,-0.81569,0.06898,6.06702,0.31240,-1.04351,-1.06939,0.32526,1.99464,3.37454,5.71075,4.15103,-0.71357,-1.45999,1.21945,-1.25432,0.51753,3.00997,0.67139,2.23077,1.01493,-0.59992,-0.81066,1.60066,3.12126,-2.39883,-0.06551,4.19766,0.82664,8.08776,0.24092,3.59636,0.03946,-0.91947,2.57593,1.19025,-1.22300
Gla16,0.72540,5.36552,5.22130,3.93766,2.21468,6.94583,0.53145,8.73108,0.58986,2.24634,4.05958,-0.28383,0.33176,1.58649,6.28896,6.46273,2.36546,0.83139,4.42077,0.92799,-0.50439,2.23310,5.20012,-0.62036,3.59497,1.14140,4.55967,4.10159,3.82788,3.22231,3.96387,8.97676,0.19458,4.77605,-0.46894,0.52652,6.93905,-0.26111,-0.20445,2.90928,1.10143,-0.31824,2.95312,-0.22954,3.40214,0.40304,10.18457,3.69841,8.86115,2.32938,0.04435,4.89181,2.78843,0.78470,0.11424,6.97588,0.06562,1.79834,4.76186,4.30739,-0.06608,0.03898,2.18017,4.16638,5.24332,6.12115,5.30429,0.57675,-0.29549,2.01463,-0.20096,2.55511,6.91783,1.52374,1.74038,3.34560,-0.06761,-0.18426,3.49241,1.37386,-1.16370,1.16000,4.39583,1.58452,7.79838,0.70367,7.39722,3.98482,0.35862,4.41988,1.87168,1.79582
Gla01,0.89371,6.49634,6.79859,4.14913,2.45154,8.13684,0.72219,9.09013,1.02744,3.43695,4.90799,-0.44838,1.90779,1.05978,7.01304,7.04736,3.82855,1.51808,7.39810,2.21716,0.44304,4.18849,5.70900,-0.61990,4.95906,0.91454,4.94263,6.33273,4.74496,3.97522,4.21030,9.26666,-0.53270,6.61295,-0.93742,0.75157,5.06699,0.33242,-0.78019,1.90561,2.53970,-0.38569,2.98493,0.06179,3.77751,0.41097,11.07668,1.93721,9.28960,2.28027,1.26828,5.62607,4.03443,3.92114,1.21847,7.44243,0.50796,5.00293,6.55155,6.45609,0.92325,0.20528,2.45984,4.88486,5.73913,7.02194,6.36479,0.20406,-0.11414,2.90955,-0.00319,4.48892,6.98162,2.54882,3.74925,5.78524,-0.07063,-0.14849,4.92630,0.32373,-1.25353,2.03058,5.41288,2.62000,8.11900,-0.45284,9.36656,4.91662,-0.47494,4.83450,2.68330,3.45519
Gla12,0.25753,4.79370,4.90375,2.37326,1.18491,6.35985,-0.16429,8.35134,-0.41055,2.43644,5.21438,-1.03711,0.73537,0.67422,5.63746,5.53615,2.20432,0.01677,4.14994,-0.34828,0.13577,1.20791,4.67929,-1.07672,3.24042,0.48114,3.00923,4.63333,3.60991,2.61384,2.81869,8.68017,-1.42418,4.80919,-1.36701,-0.46825,4.69656,-0.22201,-1.11970,1.44488,0.47749,-1.14237,2.03878,-0.97207,2.56616,-0.40689,9.05547,2.50714,8.00858,0.71714,-0.10515,3.61018,2.98912,0.43409,0.45801,6.68050,-0.94687,1.27675,5.77798,4.48111,-0.68255,-0.73342,0.36645,3.79133,6.75583,5.91621,4.72703,-0.32003,-1.06528,1.40387,-0.85689,2.14438,5.81873,1.30916,0.71642,2.53059,-1.24923,-1.26922,3.26023,-0.44241,-2.06314,0.45586,4.55473,0.87497,7.46523,-0.23285,7.64452,3.07123,-1.29958,3.53859,1.49756,-0.15409
Gla33,2.01922,6.25592,6.84091,4.16865,3.01919,7.64250,1.14078,8.51375,3.57943,3.50671,8.27262,-1.16544,0.93079,0.82294,7.10142,7.02485,4.10913,0.98329,6.71652,2.46543,0.06600,4.57209,6.03057,0.15551,4.71458,-0.48602,4.43838,5.59122,4.37844,4.67968,4.32556,8.68778,-0.56330,8.14041,-1.66336,1.35089,4.11999,0.60439,-1.09210,0.71441,3.00074,-0.97952,4.26323,-0.46153,3.58415,0.22626,9.75959,0.23659,9.14431,1.93175,2.36331,6.14627,4.36710,4.28608,1.47114,6.75873,0.68137,4.72603,5.21506,5.97897,1.71400,2.87180,2.49816,4.32342,7.89652,6.73733,5.97733,1.88354,-0.09046,3.07587,0.24968,4.85856,7.46213,2.00519,2.62217,6.02830,-0.87777,-0.45085,5.30298,0.11107,-2.08825,2.18449,5.77302,2.90058,9.23020,-0.66442,8.75235,5.21153,1.58988,5.80181,3.58178,2.75489
Gla20,0.61932,5.38478,5.22347,3.88535,1.77043,7.20698,0.84034,8.86180,0.32897,2.15616,4.11999,-0.73979,0.20054,0.85668,6.13016,6.41105,2.05825,0.44558,4.61985,0.82093,-0.51542,2.14251,5.37982,-1.42819,3.48167,0.51756,4.77196,3.82420,3.45298,3.38261,3.94919,9.01844,-0.87596,4.92483,-0.73395,0.51701,6.99400,-0.15929,-0.54335,1.32314,1.00210,-0.39899,2.75262,-0.18270,3.38325,-0.34132,10.17578,3.48852,8.99172,1.37025,0.22563,4.47523,2.56761,0.11715,-0.04139,7.04866,-0.27667,1.80857,3.77323,4.17433,-0.16459,-0.18283,1.69297,4.05776,5.24664,6.27416,5.29025,-0.14446,-0.54219,1.69155,-0.32711,2.33558,6.69321,1.50777,1.73190,3.93231,0.04858,-0.27845,3.47934,-0.04480,-1.40664,1.00671,4.25491,1.27079,7.98831,0.20329,7.04594,3.73345,0.08166,4.46050,1.69318,1.49505
Gla09,1.04182,5.32384,5.36679,2.94599,3.62340,6.97011,0.56859,8.74938,0.28150,2.96032,5.67504,-0.32234,1.25883,1.53788,6.05797,5.95552,2.78784,1.95502,4.64754,0.60643,0.23839,1.88863,5.07019,-0.55640,3.68400,1.55207,3.92453,4.95394,4.27054,2.94289,3.19233,9.08753,0.22967,5.37429,-0.61574,0.56393,5.21588,0.17091,0.19713,5.26521,1.00535,-0.46674,2.69503,0.05710,2.90339,0.10956,9.72309,2.57572,8.65853,1.65042,0.35901,4.09628,3.38141,1.36777,1.29521,7.14853,-0.08348,2.10003,6.45218,4.90517,-0.15726,-0.08888,0.47516,4.44328,7.11959,6.52478,5.39155,0.31283,-0.47966,2.22608,-0.17766,2.93370,6.06880,1.64598,1.48868,2.48013,-0.19556,-0.24499,3.74317,2.13282,-1.33137,0.94350,5.15327,1.97262,8.02526,0.38353,8.08730,3.29245,0.13178,4.25678,2.18582,0.57294
Gla32,2.38570,6.16543,6.66813,3.56880,2.94769,7.89190,1.01759,8.32612,3.69247,3.61275,8.15572,-1.25810,0.90330,0.57536,7.05401,7.05878,3.73906,2.12386,6.57385,2.26908,-1.07220,4.71138,5.97447,-0.02447,4.63576,0.00502,4.28300,5.84760,4.46904,5.05000,4.30122,8.45507,-0.62024,7.90099,-1.30758,1.39240,3.84750,0.83357,-1.14574,-0.22977,2.83991,-1.10692,4.14236,-0.79380,2.96849,0.11378,9.82628,0.59154,9.13607,1.86444,2.30469,5.91410,4.53585,3.77212,1.44908,6.56591,0.79600,4.74356,6.27893,6.08512,1.70977,3.01573,1.53996,4.30992,7.87571,6.63477,6.18097,1.64226,0.18658,2.93638,0.32263,5.05331,7.56282,1.94279,2.47569,5.25896,-0.63840,-0.80744,5.34785,0.61983,-2.05180,2.67882,5.50482,2.82202,9.05200,-0.11200,8.89391,4.92429,0.89537,5.90110,3.73548,3.87162
Gla11,-0.00087,4.54783,4.40703,1.81159,0.65319,6.31713,-0.57956,8.35860,-0.37052,2.25021,5.29493,-1.00668,-0.28447,-0.44338,5.44712,5.81017,1.51247,0.48260,4.20442,-0.90614,-0.37299,1.65469,4.83542,-0.95133,2.92258,0.16250,3.08132,3.96407,2.92454,3.06065,2.50539,8.41474,-1.48190,3.74091,-1.84570,-0.28423,3.64013,0.14358,-1.36213,0.07730,0.59533,-1.57007,1.87520,-0.94573,2.63524,-0.64365,9.37148,1.01424,7.81154,-0.57279,-0.37838,2.87216,2.75824,-1.04877,0.56886,6.60186,-0.97228,0.15092,4.43303,3.97181,-0.54005,-0.50633,0.17054,3.61042,6.43151,5.95579,4.95507,-0.30858,-1.01352,1.32334,-0.84970,1.72851,5.56248,0.96378,0.86523,2.44615,-0.89542,-1.28598,3.09400,1.56647,-2.03868,-0.70529,4.34918,1.09422,7.50239,-0.72167,6.42018,2.59157,-2.24396,3.84580,1.66729,0.07451
Gla05,0.72079,6.17233,6.30408,4.00806,1.77999,8.10046,-0.24064,8.80136,0.58422,3.10709,4.67347,-0.72808,1.12047,0.80465,7.12007,6.78015,3.57633,0.95800,7.07782,1.74765,0.32532,4.14356,5.42904,-0.54634,4.72769,-0.05502,4.34602,6.49340,4.07322,4.36379,4.32201,9.10908,-0.77324,6.29007,-1.05944,0.62024,4.82005,0.16065,-0.78779,0.85541,2.31886,-0.87780,2.86973,-0.33851,3.36742,-0.46300,11.02453,1.96729,9.19765,1.84755,1.19023,5.42452,3.91869,3.68025,0.94666,7.20377,0.65262,4.82619,6.18255,6.36899,0.78162,-0.18090,2.15316,4.74495,5.72076,6.59000,6.28614,0.34693,-0.14462,2.75387,-0.21258,4.51663,7.32298,2.54015,3.51922,6.05972,-0.43575,-0.61106,4.83706,0.24189,-1.96673,1.54836,5.04612,2.02002,7.45366,0.20248,9.32759,4.67732,-0.94424,4.58347,2.92664,4.34916
Gla37,1.77767,5.52743,5.18364,2.90893,2.09758,7.71665,0.51443,8.75816,1.09916,3.19672,4.80387,-0.56511,0.72260,0.43293,7.18879,6.71064,2.05445,0.87812,4.57114,0.09292,-0.35164,4.29056,5.66432,-0.47540,3.65229,0.28930,2.83253,3.43321,3.94395,4.07549,3.76274,9.08583,-0.26822,4.49838,-0.70624,0.03257,2.69208,0.89823,-0.78802,0.58340,1.25593,-0.66775,2.74343,-0.35610,3.25126,0.08907,10.89290,3.43728,8.84558,0.98522,0.43252,5.60628,3.56309,0.05221,0.26336,7.18845,0.48060,0.29662,6.90905,3.85064,0.38538,0.29820,-0.13554,4.31850,5.75053,6.47989,5.63862,0.10005,-0.55085,2.25833,-0.17796,2.30123,7.16022,1.85468,2.57949,-0.22730,0.42035,-0.56301,3.93189,0.39714,-1.71134,0.21915,4.03077,1.77646,7.67526,-0.08372,7.19004,3.98134,-0.14865,4.45585,2.53589,1.54666
Gla18,0.75197,4.84900,4.58058,4.16124,1.27752,6.90437,0.09941,8.64712,0.00272,2.30917,3.81619,-0.58618,0.02100,0.67943,5.91369,6.06201,1.64978,0.67386,4.12743,0.40575,-0.68818,1.75244,4.68646,-0.51652,3.21059,0.96895,4.04148,3.67348,2.81795,3.55328,3.94082,8.89492,-0.69368,4.40671,-0.70702,0.44163,6.89859,-0.54066,-0.31875,1.58540,0.85323,-0.36514,2.56154,-0.20137,2.77005,-0.17490,9.91836,3.40749,8.80179,1.58001,-0.00346,4.72062,2.56539,-0.43624,-0.41265,6.81804,-0.08732,1.44568,3.12240,3.83717,-0.37664,-0.29060,1.26183,3.98815,4.84434,5.85388,5.14854,-0.01673,-0.76960,1.48194,-0.63554,2.08857,6.72581,1.15793,1.82661,4.47084,-0.31423,-0.48748,3.27432,0.81764,-1.48096,-0.16860,4.01564,1.36760,7.15352,0.21872,6.54865,3.53987,-0.48994,4.16186,1.38558,1.69595
Gla19,-0.46901,4.88504,4.72380,3.80133,1.12649,7.23565,0.39549,8.49934,-0.18904,2.31561,3.85087,-0.43118,-0.17390,0.66662,6.04892,6.08840,1.92272,2.14151,4.43762,0.41798,-1.44064,1.96987,4.86941,-1.19984,3.41800,-0.09383,4.20625,4.04220,4.26299,3.66941,3.93728,8.79679,-1.10653,6.43196,-1.76180,-0.18683,6.87019,-0.31206,-0.75708,1.98425,0.66966,-1.00040,2.75427,-0.56528,2.58033,-0.81106,9.95706,3.09394,8.73744,0.79991,-0.14580,4.44388,2.71151,0.60037,-0.16080,6.68057,-0.60234,1.75022,3.71257,4.27204,-0.14966,-0.60288,0.98416,4.00137,4.98103,5.80535,5.08473,0.03603,-0.77391,1.58684,-0.53991,2.31952,7.01144,1.19353,1.67500,4.31954,-0.81717,-0.66100,3.63266,2.03007,-2.07758,0.51270,4.48604,0.91460,7.26256,-0.58589,6.78268,3.55886,-1.58065,4.36632,1.39592,2.43528
Gla44,-0.25678,4.06300,4.03683,2.12913,1.07751,4.90334,-0.48695,8.33544,-1.07430,1.31764,2.07246,-0.54676,-0.64148,0.05344,4.83096,5.39226,1.83990,-0.07644,2.55544,-0.52979,-1.23382,3.27961,4.52856,-1.43695,1.97400,0.96990,3.44190,0.99797,0.71281,1.15355,1.10399,7.89463,-0.54549,2.72790,-1.31943,-0.79779,2.20593,-0.68739,-0.91051,0.48159,0.02031,-1.27008,1.58977,-0.77953,2.10624,-0.33171,8.58946,0.31720,5.92917,0.07739,-0.28772,2.22648,1.83553,0.23527,-0.71626,6.73508,-1.01994,0.00659,5.50360,1.76335,-1.06031,-0.56174,0.62307,2.67876,3.83606,5.54044,4.38264,-0.87426,-0.90752,1.34487,-0.71270,1.09359,3.89934,0.55281,1.46579,0.58934,-1.24526,-1.73333,1.98660,0.03929,-2.14888,-0.19488,3.51764,0.67505,7.41214,-0.39537,5.23860,1.87573,-1.04219,3.00148,1.25442,-0.25779
Gla04,1.40976,6.08711,6.17089,3.73556,1.88831,7.97079,0.34121,8.84784,0.93691,3.36955,4.62459,-0.18693,1.31418,0.80394,6.90502,6.91251,3.36927,2.79778,7.05276,1.99112,0.01604,4.26075,5.38749,-0.65234,4.64136,0.22523,4.33747,6.31409,4.46597,4.25177,4.19303,9.08338,0.01555,6.56926,-0.18489,1.04006,4.45432,0.19424,-0.45041,1.73782,2.39083,-0.45583,2.82867,-0.24014,3.43614,0.18215,11.01210,1.32473,8.87172,2.54093,1.04443,5.05444,3.78852,3.48918,1.25009,7.15016,0.91946,4.75883,6.84640,6.10282,0.90411,0.21279,2.14586,4.66083,5.51619,6.65430,6.17244,0.35092,0.06795,2.65180,-0.25360,4.21695,7.09213,2.22005,3.36865,4.87294,-0.47234,-0.18314,4.77879,3.56154,-1.46210,2.02779,5.13703,2.22189,7.58496,0.30032,9.44839,4.23775,-0.28954,4.66385,2.78907,4.10759
Gla22,-0.24423,5.02593,4.53650,3.53510,0.92722,6.85409,0.32019,8.62982,-0.30649,2.05814,3.73315,-0.71656,0.00873,0.21047,5.80295,6.05734,1.66153,0.10776,4.23594,0.23822,-1.28819,1.83420,4.86208,-1.26547,3.20301,0.12817,4.04186,3.64971,3.10862,3.41354,3.76489,8.84009,-0.07869,3.93796,-1.15347,0.19707,6.76028,-0.27426,-0.56340,1.16479,0.57501,-0.90331,2.42442,-0.66985,2.72311,-0.43073,9.93320,2.82439,8.56245,1.14610,-0.09947,4.31830,2.64393,-0.32634,-0.25506,6.85187,-0.35832,1.30024,3.21116,3.70686,-0.39640,-0.72113,1.28586,3.80026,4.67625,5.94053,4.90716,0.17731,-0.98687,1.36054,-0.61221,1.67994,6.58323,0.90363,1.57001,4.02561,-0.75328,-0.79294,3.44162,0.03316,-1.76220,-1.42991,4.44777,1.36739,7.26528,-0.46767,6.74027,3.51025,-0.59092,4.19443,1.66522,2.05308
Gla13,0.42800,5.08130,5.02914,3.49692,1.79606,7.01876,0.40461,8.91955,-0.04510,2.72440,5.00989,-0.53139,0.94613,1.16834,6.12933,6.08064,2.14863,0.46179,4.31304,0.83479,-0.36848,2.12187,5.08810,-0.81457,3.61771,0.97360,3.52707,4.50252,3.62396,3.24842,3.58860,9.20930,-0.52681,4.91306,-0.48121,0.23228,5.92900,0.11045,-0.39754,2.02539,0.91532,-0.42450,2.41494,-0.07260,2.57032,0.19345,9.85159,2.62245,8.72676,1.28925,0.22627,4.34447,3.22703,0.47859,0.57451,7.07949,0.05239,2.40374,5.26174,4.33767,-0.43094,0.01741,1.46003,4.27595,6.25044,6.27690,5.19820,0.39630,-0.15572,1.66394,-0.37348,2.44296,6.36327,1.46739,1.25116,4.03927,-0.22968,-0.71327,3.45986,1.22686,-1.60991,1.20951,4.73413,1.50131,7.66486,-0.40969,7.42868,3.34886,-0.19674,4.35199,2.34639,0.28171
Gla42,0.38153,5.38750,5.26256,3.75443,2.24844,7.22735,0.36861,8.47863,-0.33581,2.78082,2.32774,-0.69621,0.77983,4.17835,5.69076,6.09771,1.63984,1.27292,4.64383,1.94994,-0.21933,5.23019,5.24461,-0.78771,4.71610,1.64955,4.79235,5.62329,4.04721,3.43870,4.00169,9.04870,0.16604,6.39689,-0.54765,-0.09279,4.67097,-0.33967,0.27295,5.46825,0.53967,-0.47072,3.24922,0.36635,5.09061,1.06263,10.44451,5.19796,8.34047,2.92262,0.80294,5.32400,4.10449,0.63293,0.84599,7.09757,1.56760,2.87646,6.38439,6.46987,-0.05534,-0.61361,1.74732,4.22330,4.37314,6.27392,5.44363,-0.13747,-0.99628,2.11673,-0.50296,3.48642,7.49691,1.32067,2.56653,1.17225,-0.85228,0.68450,3.85209,-0.42215,-0.55697,2.69534,4.92703,1.56779,8.41991,-0.16977,8.07899,3.57848,-0.29284,4.70598,2.84517,0.86883
Gla34,2.66146,6.37203,7.24641,4.92232,3.73065,8.37216,1.83446,8.92645,3.86450,3.64541,8.29038,-0.25451,1.66728,2.04570,7.63350,7.26445,4.45893,1.86197,7.21579,2.90734,0.41655,5.15393,6.35142,0.72623,5.57897,1.01788,4.47184,6.56531,5.01225,5.26754,4.92410,9.05451,-0.12233,8.85912,-0.55224,1.87998,4.63706,1.32282,-0.67492,2.17940,3.38426,-0.46749,4.67186,0.11757,3.63754,0.55282,10.29640,2.02707,9.57847,2.72205,3.14859,7.15092,4.67197,4.76918,2.34448,7.11332,1.69971,5.54883,5.28108,6.76446,2.47026,3.17925,3.70632,4.89478,8.10731,7.05196,6.36623,1.82039,0.98245,3.40260,0.97085,5.47536,7.94569,2.32528,2.99044,7.54441,0.08587,0.20431,5.75912,0.68416,-1.05526,3.68734,5.93166,3.57604,9.27476,0.32133,9.37661,5.91299,1.44482,6.05950,4.46884,3.76185
Gla41,0.18594,5.28425,4.51337,3.92206,1.48075,5.84558,-0.11693,8.74608,-0.26968,1.42478,2.36949,-0.57221,-0.41159,0.59116,5.34136,4.22586,0.93431,0.19403,3.89748,0.00373,-0.51565,3.48966,4.94417,-1.32685,2.99605,0.91857,4.32781,2.24116,1.83603,1.85619,2.54135,8.83515,-0.39907,2.78115,-1.01189,-0.22266,5.12202,-0.86637,-0.77130,1.79287,-0.08919,-0.67001,2.67236,-0.25422,3.48620,-0.66936,9.91793,2.13164,7.80187,1.59928,-0.05282,3.05467,2.47790,0.25760,-0.73464,6.99662,-0.42770,0.93707,6.57007,2.59535,-0.94984,-0.65448,1.98981,3.35232,3.08795,5.73166,4.64781,-0.66592,-0.94813,1.30810,-1.21832,1.65764,4.48080,1.72982,2.98718,1.22615,-1.24699,-0.59726,2.08005,0.02382,-1.53620,0.32722,4.76857,1.30619,8.52629,-0.51504,6.32493,2.18337,-0.55172,3.38409,1.44700,-1.05251
Gla03,0.94783,5.50208,5.44044,2.90626,1.84216,7.29784,0.36105,8.51447,0.31053,2.90318,4.20835,-0.89205,0.76279,0.81146,6.61897,6.52774,2.86633,1.34515,6.47509,1.50989,0.10426,3.86602,4.98409,-0.49197,4.12411,1.19390,4.33341,5.63416,3.58801,3.76109,3.38553,8.88996,-0.09004,4.87049,-0.93407,0.70273,3.66621,0.23839,-0.81744,1.72255,2.22220,-0.85634,2.59634,0.01066,3.05424,0.81907,10.26756,1.27739,8.40844,1.76718,1.10952,4.22117,3.34596,3.22775,0.59840,6.86037,0.32260,4.30190,5.50999,5.66341,1.22865,0.00251,1.88912,4.41827,5.16431,6.24663,5.64812,-0.60152,-0.23667,2.43865,-0.34683,3.75063,6.50433,2.19306,2.90685,4.93920,0.06238,-0.66803,4.19750,0.81935,-1.57466,2.27345,4.73068,2.09754,7.29506,-0.18590,8.70834,3.74820,-0.59467,4.21315,2.68960,3.63130
Gla31,2.37143,6.19138,6.66490,4.32881,3.30217,7.86473,1.33431,8.49953,3.38055,3.35258,7.99605,-0.71545,1.24454,1.26954,7.11365,6.94965,3.95724,1.28466,6.67077,2.69273,-0.16466,4.77550,6.00824,0.49374,4.82019,0.12280,4.33260,6.04097,4.55444,5.01864,4.34347,8.80783,0.01226,7.63042,-0.54781,1.41132,4.16997,0.91711,-0.77434,1.07065,2.96652,-0.60296,4.34002,-0.46577,3.15490,0.69622,9.88604,1.28936,9.10819,2.45838,2.70416,6.13009,4.34944,4.13748,1.97699,6.80669,1.33093,5.30268,4.67857,6.25372,2.08143,2.90549,1.82119,4.54157,7.78536,6.67730,5.99968,1.84312,0.67316,3.14056,0.52353,5.13113,7.73193,2.01598,2.67796,6.78957,0.14078,-0.58189,5.43887,0.32070,-1.48112,2.91287,5.61769,3.03820,8.94879,0.19021,9.10728,4.90779,1.04254,5.82510,4.20876,3.81869
Gla38,1.13425,5.78386,5.41246,2.91522,1.51145,7.01874,0.18345,8.74794,-0.02365,2.77275,3.40639,-0.24278,0.57389,1.28333,5.61402,6.12538,1.75914,0.27979,4.02258,0.13520,-0.17924,3.48228,5.55550,-0.89490,3.58447,1.24593,2.90205,3.93143,3.56481,3.29956,3.89647,9.16626,-0.25676,3.75083,-1.05121,-0.14685,3.52226,-0.30887,-0.14768,2.00975,0.61512,-0.51676,2.15650,0.01022,3.25737,0.65427,10.13607,2.51175,8.90334,1.40683,0.29205,5.07217,3.61195,-0.02693,-0.11668,7.17191,0.25929,1.45466,6.64614,4.32151,-0.65643,-0.49427,1.65369,3.81384,4.52047,6.36258,5.43601,-0.46264,-0.23671,1.95781,-0.47051,2.01753,6.91434,2.30924,2.28107,0.74446,-0.83380,-0.70763,3.52447,0.24438,-1.47849,1.36645,4.81241,1.52882,6.93923,-0.06521,8.49966,3.33172,-0.05148,4.53606,3.06457,0.27325
Gla23,0.94119,6.65451,5.65925,2.93304,0.96638,7.96589,0.65473,8.69064,0.17178,3.19767,4.51919,-0.75663,0.52080,0.65035,6.43434,6.81033,1.75462,0.04171,5.44368,0.37880,-0.39558,2.08993,5.72678,-0.27382,5.17973,0.42427,0.67642,5.99015,5.01371,4.04486,4.58903,9.20377,-0.21046,4.29726,-0.80057,1.19904,4.16881,0.05167,-0.56175,0.43747,1.90043,-0.38665,2.67393,-0.24151,1.67543,0.46055,10.22550,0.45125,8.95730,1.31968,0.68972,5.19957,3.66012,0.05017,0.31054,7.17684,0.28297,1.80012,4.83141,5.86949,0.15204,0.33772,1.98648,4.61290,4.71633,6.53037,6.03597,0.63740,-0.51708,2.27602,0.11316,2.15482,7.56432,1.97997,2.14748,3.06513,0.53812,-1.13362,4.34050,0.19387,-1.88893,0.53056,4.33540,1.89083,6.60422,-0.23921,9.01899,5.03968,-0.01923,4.70016,2.84914,3.22950
Gla36,2.67859,6.25776,6.41224,1.18411,1.72822,8.34531,3.20392,8.93160,2.22652,2.41212,5.65386,-0.75534,0.76800,-0.04642,7.30630,6.83714,2.68594,0.23264,4.74505,1.17484,0.69314,3.48518,6.48176,0.09811,3.99751,0.39167,1.14545,5.48056,4.55628,4.38746,4.83237,9.25151,0.03850,6.76211,-1.16606,1.50186,1.39482,3.98189,-1.05725,0.06144,2.60092,-0.31495,2.84940,-0.24922,2.19622,0.18932,11.04909,1.39696,9.64238,0.73876,1.33354,6.54962,4.69333,0.80283,0.55671,7.46356,0.74328,1.15641,7.09033,6.69513,1.16514,1.63459,2.33046,4.79981,6.17486,7.12680,6.48796,2.35477,-0.09461,2.80468,0.44054,2.75746,8.01237,2.43829,3.63466,0.24331,0.91883,-0.80934,5.19217,1.57595,-1.82542,0.58489,5.11724,2.24863,7.23464,-0.06802,8.91896,5.05348,0.57250,5.46165,3.36684,2.53531
Gla02,1.14691,5.93328,5.96407,2.82812,1.67934,7.71346,0.52779,8.78017,0.51957,2.94534,4.48822,-0.62135,0.84118,0.97282,6.73546,6.81022,2.65892,0.84398,6.57002,1.21337,-0.05605,4.20270,5.31748,-0.55356,4.41166,0.88130,4.44446,5.83340,3.71675,4.09542,3.71983,9.08323,0.39320,4.99730,-0.48512,0.84101,3.51786,0.26710,-0.43142,0.82287,2.27248,-0.54774,2.97840,-0.08650,3.91302,0.50523,10.86436,0.54269,8.45566,2.68830,1.02828,4.09953,3.65242,2.58715,0.88913,7.28091,0.98056,4.51303,4.68780,5.65635,0.82118,0.14195,2.93658,4.53505,5.49421,6.55333,6.00521,0.72310,0.14619,2.40961,-0.54580,4.19330,6.91492,2.19252,2.94916,5.19798,-0.24847,-0.64146,4.45938,0.29409,-1.62376,2.12280,4.76923,2.07214,7.60963,0.65551,9.01349,3.78976,0.37084,4.41928,3.50855,3.85387
Gla07,0.43584,4.99402,4.86658,2.81869,0.99669,6.61634,0.57985,8.65990,-0.35668,2.84602,5.32764,-0.61425,0.95246,1.58220,5.99885,5.85826,2.44332,1.41656,3.90002,0.49906,-0.24472,1.68050,4.83615,-1.13424,3.70313,0.26976,2.94181,4.87618,3.85072,2.92932,3.03851,8.94270,-0.79631,5.00232,-1.07634,0.03910,4.69021,-0.04766,0.16492,4.91623,0.79681,-0.57258,2.15472,-0.16709,2.30952,0.32505,9.13386,2.55712,8.46766,1.61409,-0.04735,4.08632,3.35988,1.39297,1.06296,6.98336,-0.18813,2.80187,6.31893,4.73992,-0.10072,-0.19592,0.14621,4.12841,6.36014,6.25560,4.95293,0.28021,-0.42858,1.76644,-0.73367,2.01495,5.87123,1.82566,1.02981,2.95980,-0.77702,-0.44943,3.02710,1.72423,-1.65267,0.09140,4.70822,1.21926,7.45775,0.13845,8.08095,2.95219,-0.53187,3.88823,2.26221,-0.16320
Gla43,0.58799,4.68261,4.45650,1.61392,1.29500,6.46567,0.47605,8.68492,-0.44785,2.31178,4.05691,-0.72839,-0.90741,0.28476,6.05030,6.20720,1.26165,-0.29562,3.85790,-0.34218,-0.12005,1.89171,5.14030,-0.91105,3.59549,0.47237,0.17067,2.15726,2.00685,1.52922,2.38071,8.78969,-0.19233,1.72933,-0.52781,-0.27605,2.44574,-0.35689,-0.57995,-0.73977,0.45430,-0.48252,1.84344,0.03345,1.90674,-0.09919,9.47193,-1.01136,7.89906,0.67761,-0.27214,2.65438,2.27927,-0.67181,-0.60985,7.01912,-0.27038,0.15259,6.59805,2.28751,-0.51033,-0.46354,0.51220,3.45087,4.54856,5.67066,4.88181,-0.41013,-0.80633,1.30826,-0.78466,1.19701,5.34316,1.40609,2.64074,-0.39039,1.07131,-0.88790,2.63912,0.20429,-1.80374,0.08072,4.83281,1.07009,6.46828,-0.03026,6.74788,2.16187,-0.35438,3.39767,1.89230,0.51990
Gla27,2.66613,6.05212,6.53267,1.08492,1.75972,8.31936,3.11226,8.83390,2.23542,2.48041,5.60253,-0.84169,0.80446,0.58017,7.44101,6.86042,2.76482,0.68834,4.84541,1.32053,0.63948,3.54573,6.34856,0.23963,4.30242,0.40186,1.02898,5.87312,5.06256,4.48114,5.05522,9.22761,-0.76669,6.35813,-1.18580,1.45352,1.55309,3.99901,-0.83077,1.04332,2.50315,-0.55095,2.76401,-0.51026,2.11618,0.49630,11.08703,2.00776,9.69855,0.61760,1.26721,6.85658,4.77959,0.94375,0.90944,7.30053,1.11049,1.02645,7.06480,6.94972,1.46338,1.70343,2.81694,4.65708,6.58739,6.98919,6.39303,2.26030,-0.40012,2.66063,0.17876,2.34552,8.25402,2.36200,3.43145,0.05685,1.05257,-0.50975,5.16586,0.19683,-1.88318,0.37985,5.26402,2.11373,7.28067,0.18392,9.00870,5.22649,0.38641,5.43246,3.51100,3.19151
